#level	run
run_alias	experiment_alias	file_format	file_1_name	file_1_md5	file_2_name	file_2_md5	library_layout
HR40R_ONT_run1	HR40R_ONT	fastq	TO_FILL	TO_FILL			SINGLE
HR40S_ONT_run1	HR40S_ONT	fastq	TO_FILL	TO_FILL			SINGLE
HR40S_ILMN_run1	HR40S_ILMN	fastq	TO_FILL	TO_FILL	TO_FILL	TO_FILL	PAIRED
HR70R_ONT_run1	HR70R_ONT	fastq	TO_FILL	TO_FILL			SINGLE
HR70R_ILMN_run1	HR70R_ILMN	fastq	TO_FILL	TO_FILL	TO_FILL	TO_FILL	PAIRED
HR70S_ONT_run1	HR70S_ONT	fastq	TO_FILL	TO_FILL			SINGLE
HR70S_ILMN_run1	HR70S_ILMN	fastq	TO_FILL	TO_FILL	TO_FILL	TO_FILL	PAIRED
HR72R_ONT_run1	HR72R_ONT	fastq	TO_FILL	TO_FILL			SINGLE
HR72R_ILMN_run1	HR72R_ILMN	fastq	TO_FILL	TO_FILL	TO_FILL	TO_FILL	PAIRED
HR72S_ONT_run1	HR72S_ONT	fastq	TO_FILL	TO_FILL			SINGLE
HR72S_ILMN_run1	HR72S_ILMN	fastq	TO_FILL	TO_FILL	TO_FILL	TO_FILL	PAIRED
HR76R_ONT_run1	HR76R_ONT	fastq	TO_FILL	TO_FILL			SINGLE
HR76R_ILMN_run1	HR76R_ILMN	fastq	TO_FILL	TO_FILL	TO_FILL	TO_FILL	PAIRED
HR76S_ONT_run1	HR76S_ONT	fastq	TO_FILL	TO_FILL			SINGLE
HR76S_ILMN_run1	HR76S_ILMN	fastq	TO_FILL	TO_FILL	TO_FILL	TO_FILL	PAIRED
HR80R_ONT_run1	HR80R_ONT	fastq	TO_FILL	TO_FILL			SINGLE
HR80S_ONT_run1	HR80S_ONT	fastq	TO_FILL	TO_FILL			SINGLE
HR87R_ONT_run1	HR87R_ONT	fastq	TO_FILL	TO_FILL			SINGLE
HR87R_ILMN_run1	HR87R_ILMN	fastq	TO_FILL	TO_FILL	TO_FILL	TO_FILL	PAIRED
HR87S_ONT_run1	HR87S_ONT	fastq	TO_FILL	TO_FILL			SINGLE
HR87S_ILMN_run1	HR87S_ILMN	fastq	TO_FILL	TO_FILL	TO_FILL	TO_FILL	PAIRED
HR103R_ONT_run1	HR103R_ONT	fastq	TO_FILL	TO_FILL			SINGLE
HR103R_ILMN_run1	HR103R_ILMN	fastq	TO_FILL	TO_FILL	TO_FILL	TO_FILL	PAIRED
HR103S_ONT_run1	HR103S_ONT	fastq	TO_FILL	TO_FILL			SINGLE
HR103S_ILMN_run1	HR103S_ILMN	fastq	TO_FILL	TO_FILL	TO_FILL	TO_FILL	PAIRED
HR137R_ONT_run1	HR137R_ONT	fastq	TO_FILL	TO_FILL			SINGLE
HR137R_ILMN_run1	HR137R_ILMN	fastq	TO_FILL	TO_FILL	TO_FILL	TO_FILL	PAIRED
HR137S_ONT_run1	HR137S_ONT	fastq	TO_FILL	TO_FILL			SINGLE
HR137S_ILMN_run1	HR137S_ILMN	fastq	TO_FILL	TO_FILL	TO_FILL	TO_FILL	PAIRED
HR155R_ONT_run1	HR155R_ONT	fastq	TO_FILL	TO_FILL			SINGLE
HR155R_ILMN_run1	HR155R_ILMN	fastq	TO_FILL	TO_FILL	TO_FILL	TO_FILL	PAIRED
HR155S_ONT_run1	HR155S_ONT	fastq	TO_FILL	TO_FILL			SINGLE
HR155S_ILMN_run1	HR155S_ILMN	fastq	TO_FILL	TO_FILL	TO_FILL	TO_FILL	PAIRED
HR173R_ONT_run1	HR173R_ONT	fastq	TO_FILL	TO_FILL			SINGLE
HR173R_ILMN_run1	HR173R_ILMN	fastq	TO_FILL	TO_FILL	TO_FILL	TO_FILL	PAIRED
HR173S_ONT_run1	HR173S_ONT	fastq	TO_FILL	TO_FILL			SINGLE
HR173S_ILMN_run1	HR173S_ILMN	fastq	TO_FILL	TO_FILL	TO_FILL	TO_FILL	PAIRED
HR189R_ONT_run1	HR189R_ONT	fastq	TO_FILL	TO_FILL			SINGLE
HR189R_ILMN_run1	HR189R_ILMN	fastq	TO_FILL	TO_FILL	TO_FILL	TO_FILL	PAIRED
HR189S_ONT_run1	HR189S_ONT	fastq	TO_FILL	TO_FILL			SINGLE
HR189S_ILMN_run1	HR189S_ILMN	fastq	TO_FILL	TO_FILL	TO_FILL	TO_FILL	PAIRED
HR197R_ONT_run1	HR197R_ONT	fastq	TO_FILL	TO_FILL			SINGLE
HR197R_ILMN_run1	HR197R_ILMN	fastq	TO_FILL	TO_FILL	TO_FILL	TO_FILL	PAIRED
HR197S_ONT_run1	HR197S_ONT	fastq	TO_FILL	TO_FILL			SINGLE
HR197S_ILMN_run1	HR197S_ILMN	fastq	TO_FILL	TO_FILL	TO_FILL	TO_FILL	PAIRED
HR200R_ONT_run1	HR200R_ONT	fastq	TO_FILL	TO_FILL			SINGLE
HR200R_ILMN_run1	HR200R_ILMN	fastq	TO_FILL	TO_FILL	TO_FILL	TO_FILL	PAIRED
HR200S_ONT_run1	HR200S_ONT	fastq	TO_FILL	TO_FILL			SINGLE
HR200S_ILMN_run1	HR200S_ILMN	fastq	TO_FILL	TO_FILL	TO_FILL	TO_FILL	PAIRED
HR202R_ONT_run1	HR202R_ONT	fastq	TO_FILL	TO_FILL			SINGLE
HR202S_ONT_run1	HR202S_ONT	fastq	TO_FILL	TO_FILL			SINGLE
HR211R_ONT_run1	HR211R_ONT	fastq	TO_FILL	TO_FILL			SINGLE
HR211R_ILMN_run1	HR211R_ILMN	fastq	TO_FILL	TO_FILL	TO_FILL	TO_FILL	PAIRED
HR211S_ONT_run1	HR211S_ONT	fastq	TO_FILL	TO_FILL			SINGLE
HR211S_ILMN_run1	HR211S_ILMN	fastq	TO_FILL	TO_FILL	TO_FILL	TO_FILL	PAIRED
HR212R_ONT_run1	HR212R_ONT	fastq	TO_FILL	TO_FILL			SINGLE
HR212S_ONT_run1	HR212S_ONT	fastq	TO_FILL	TO_FILL			SINGLE
HR216R_ONT_run1	HR216R_ONT	fastq	TO_FILL	TO_FILL			SINGLE
HR216S_ONT_run1	HR216S_ONT	fastq	TO_FILL	TO_FILL			SINGLE
HR219R_ONT_run1	HR219R_ONT	fastq	TO_FILL	TO_FILL			SINGLE
HR219R_ILMN_run1	HR219R_ILMN	fastq	TO_FILL	TO_FILL	TO_FILL	TO_FILL	PAIRED
HR219S_ONT_run1	HR219S_ONT	fastq	TO_FILL	TO_FILL			SINGLE
HR219S_ILMN_run1	HR219S_ILMN	fastq	TO_FILL	TO_FILL	TO_FILL	TO_FILL	PAIRED
HR220R_ONT_run1	HR220R_ONT	fastq	TO_FILL	TO_FILL			SINGLE
HR220R_ILMN_run1	HR220R_ILMN	fastq	TO_FILL	TO_FILL	TO_FILL	TO_FILL	PAIRED
HR220S_ONT_run1	HR220S_ONT	fastq	TO_FILL	TO_FILL			SINGLE
HR220S_ILMN_run1	HR220S_ILMN	fastq	TO_FILL	TO_FILL	TO_FILL	TO_FILL	PAIRED
HR222R_ONT_run1	HR222R_ONT	fastq	TO_FILL	TO_FILL			SINGLE
HR222S_ONT_run1	HR222S_ONT	fastq	TO_FILL	TO_FILL			SINGLE
HR226R_ONT_run1	HR226R_ONT	fastq	TO_FILL	TO_FILL			SINGLE
HR226S_ONT_run1	HR226S_ONT	fastq	TO_FILL	TO_FILL			SINGLE
HR231R_ONT_run1	HR231R_ONT	fastq	TO_FILL	TO_FILL			SINGLE
HR231R_ILMN_run1	HR231R_ILMN	fastq	TO_FILL	TO_FILL	TO_FILL	TO_FILL	PAIRED
HR231S_ONT_run1	HR231S_ONT	fastq	TO_FILL	TO_FILL			SINGLE
HR231S_ILMN_run1	HR231S_ILMN	fastq	TO_FILL	TO_FILL	TO_FILL	TO_FILL	PAIRED
HR236R_ONT_run1	HR236R_ONT	fastq	TO_FILL	TO_FILL			SINGLE
HR236S_ONT_run1	HR236S_ONT	fastq	TO_FILL	TO_FILL			SINGLE
HR240R_ONT_run1	HR240R_ONT	fastq	TO_FILL	TO_FILL			SINGLE
HR240S_ONT_run1	HR240S_ONT	fastq	TO_FILL	TO_FILL			SINGLE
HR246R_ONT_run1	HR246R_ONT	fastq	TO_FILL	TO_FILL			SINGLE
HR246S_ONT_run1	HR246S_ONT	fastq	TO_FILL	TO_FILL			SINGLE
HR254R_ONT_run1	HR254R_ONT	fastq	TO_FILL	TO_FILL			SINGLE
HR254S_ONT_run1	HR254S_ONT	fastq	TO_FILL	TO_FILL			SINGLE
HR257R_ONT_run1	HR257R_ONT	fastq	TO_FILL	TO_FILL			SINGLE
HR257R_ILMN_run1	HR257R_ILMN	fastq	TO_FILL	TO_FILL	TO_FILL	TO_FILL	PAIRED
HR257S_ONT_run1	HR257S_ONT	fastq	TO_FILL	TO_FILL			SINGLE
HR257S_ILMN_run1	HR257S_ILMN	fastq	TO_FILL	TO_FILL	TO_FILL	TO_FILL	PAIRED
HR260R_ONT_run1	HR260R_ONT	fastq	TO_FILL	TO_FILL			SINGLE
HR260S_ONT_run1	HR260S_ONT	fastq	TO_FILL	TO_FILL			SINGLE
HR265R_ONT_run1	HR265R_ONT	fastq	TO_FILL	TO_FILL			SINGLE
HR265S_ONT_run1	HR265S_ONT	fastq	TO_FILL	TO_FILL			SINGLE
HR275R_ONT_run1	HR275R_ONT	fastq	TO_FILL	TO_FILL			SINGLE
HR275R_ILMN_run1	HR275R_ILMN	fastq	TO_FILL	TO_FILL	TO_FILL	TO_FILL	PAIRED
HR275S_ONT_run1	HR275S_ONT	fastq	TO_FILL	TO_FILL			SINGLE
HR275S_ILMN_run1	HR275S_ILMN	fastq	TO_FILL	TO_FILL	TO_FILL	TO_FILL	PAIRED
HR279R_ONT_run1	HR279R_ONT	fastq	TO_FILL	TO_FILL			SINGLE
HR279S_ONT_run1	HR279S_ONT	fastq	TO_FILL	TO_FILL			SINGLE
HR283R_ONT_run1	HR283R_ONT	fastq	TO_FILL	TO_FILL			SINGLE
HR283S_ONT_run1	HR283S_ONT	fastq	TO_FILL	TO_FILL			SINGLE
HR298R_ONT_run1	HR298R_ONT	fastq	TO_FILL	TO_FILL			SINGLE
HR298S_ONT_run1	HR298S_ONT	fastq	TO_FILL	TO_FILL			SINGLE
