pair	contig	pos	ref	alt	dp_R	alt_R	af_R	lo_R	hi_R	altF_R	altR_R	dp_S	alt_S	af_S	lo_S	hi_S	altF_S	altR_S	fisher_p	dAF	class
202	contig_1	1234857	A	T	228	18	0.0789	0.0505	0.1213	6	12	205	0	0.0	0.0	0.0184	0	0	7.9e-06	0.0789	subclonal_suggestive
202	contig_1	2843898	C	T	153	153	1.0	0.9755	1.0	77	76	129	0	0.0	0.0	0.0289	0	0	7.51e-84	1.0	fixed
216	contig_3	2214338	TGGGGGGG	TGGGGGG	136	53	0.3897	0.3118	0.4736	27	26	129	1	0.0078	0.0014	0.0426	1	0	3.12e-17	0.382	subclonal
216	contig_3	2214365	C	T	137	68	0.4964	0.4139	0.579	27	41	138	0	0.0	0.0	0.0271	0	0	3.36e-26	0.4964	subclonal
216	contig_3	4290856	C	T	162	0	0.0	0.0	0.0232	0	0	216	63	0.2917	0.2351	0.3555	27	36	5.35e-18	-0.2917	subclonal
216	contig_3	5435945	A	C	111	111	1.0	0.9665	1.0	60	51	125	1	0.008	0.0014	0.0439	0	1	2.9599999999999998e-68	0.992	fixed
226	contig_1	512147	A	C	211	34	0.1611	0.1177	0.2167	19	15	182	0	0.0	0.0	0.0207	0	0	2.05e-10	0.1611	subclonal
226	contig_1	1695462	T	C	203	1	0.0049	0.0009	0.0274	1	0	242	216	0.8926	0.8472	0.9256	146	70	3.99e-96	-0.8876	fixed
240	contig_1	2388388	T	A	172	92	0.5349	0.4604	0.6078	57	35	205	0	0.0	0.0	0.0184	0	0	5.24e-40	0.5349	subclonal
240	contig_1	3370604	A	G	216	0	0.0	0.0	0.0175	0	0	179	15	0.0838	0.0514	0.1336	11	4	5e-06	-0.0838	subclonal_suggestive
240	contig_1	3652835	C	T	216	110	0.5093	0.443	0.5752	54	56	207	1	0.0048	0.0009	0.0269	1	0	5.62e-39	0.5044	subclonal
240	contig_1	4738272	C	T	213	0	0.0	0.0	0.0177	0	0	198	53	0.2677	0.2109	0.3333	33	20	2.4e-19	-0.2677	subclonal
246	contig_1	5789111	C	T	153	24	0.1569	0.1077	0.2228	12	12	161	1	0.0062	0.0011	0.0343	0	1	1.9e-07	0.1507	subclonal_suggestive
254	contig_1	2193361	A	G	164	0	0.0	0.0	0.0229	0	0	144	66	0.4583	0.3791	0.5397	31	35	5.14e-27	-0.4583	subclonal
254	contig_1	2248203	C	T	126	0	0.0	0.0	0.0296	0	0	149	149	1.0	0.9749	1.0	60	89	8.94e-82	-1.0	fixed
254	contig_1	3040186	CGGGGGGG	CGGGGGGGG	62	42	0.6774	0.5537	0.7805	27	15	23	2	0.087	0.0242	0.268	1	1	1.02e-06	0.5905	subclonal_suggestive
275	contig_2	1664570	A	G	144	4	0.0278	0.0109	0.0692	4	0	57	21	0.3684	0.2552	0.4982	19	2	7.43e-10	-0.3406	subclonal
