pair,contig,pos,ref,alt,af_R,af_S,dp_R,dp_S,cls,in_tract,af_max,af_min,dp_var,dp_oth,bal,passes_balance
40,contig_1,50575,C,T,0.01,0.318,414,88,subclonal,False,0.318,0.01,88,414,0.21256038647342995,0
40,contig_1,60729,A,G,0.4,0.005,25,206,subclonal,False,0.4,0.005,25,206,0.12135922330097088,0
40,contig_1,110560,A,G,0.004,0.415,267,41,subclonal,False,0.415,0.004,41,267,0.15355805243445692,0
40,contig_1,116475,T,C,0.692,0.022,52,226,subclonal,False,0.692,0.022,52,226,0.23008849557522124,0
40,contig_1,175357,A,G,0.008,0.387,378,93,subclonal,False,0.387,0.008,93,378,0.24603174603174602,0
40,contig_1,175358,G,A,0.007,0.512,414,82,subclonal,False,0.512,0.007,82,414,0.19806763285024154,0
40,contig_1,204727,G,A,0.267,0.003,45,287,subclonal,False,0.267,0.003,45,287,0.156794425087108,0
40,contig_1,209410,T,C,0.301,0.013,93,301,subclonal,False,0.301,0.013,93,301,0.3089700996677741,0
40,contig_1,212717,A,G,0.431,0.006,130,330,subclonal,False,0.431,0.006,130,330,0.3939393939393939,0
40,contig_1,212718,G,A,0.448,0.006,105,337,subclonal,False,0.448,0.006,105,337,0.3115727002967359,0
40,contig_1,215951,A,G,0.442,0.003,154,352,subclonal,False,0.442,0.003,154,352,0.4375,0
40,contig_1,215952,G,A,0.496,0.006,131,347,subclonal,False,0.496,0.006,131,347,0.37752161383285304,0
40,contig_1,230295,C,T,0.419,0.006,93,335,subclonal,False,0.419,0.006,93,335,0.27761194029850744,0
40,contig_1,230296,T,C,0.457,0.0,81,332,subclonal,False,0.457,0.0,81,332,0.24397590361445784,0
40,contig_1,242605,A,G,0.01,0.259,292,54,subclonal,False,0.259,0.01,54,292,0.18493150684931506,0
40,contig_1,245705,G,A,0.236,0.004,55,285,subclonal,False,0.236,0.004,55,285,0.19298245614035087,0
40,contig_1,245707,A,G,0.381,0.0,42,292,subclonal,False,0.381,0.0,42,292,0.14383561643835616,0
40,contig_1,248238,A,G,0.27,0.007,111,274,subclonal,False,0.27,0.007,111,274,0.4051094890510949,0
40,contig_1,252014,T,C,0.012,0.356,344,45,subclonal,False,0.356,0.012,45,344,0.1308139534883721,0
40,contig_1,284888,G,A,0.338,0.018,133,332,subclonal,False,0.338,0.018,133,332,0.4006024096385542,0
40,contig_1,299449,A,G,0.01,0.271,302,59,subclonal,False,0.271,0.01,59,302,0.19536423841059603,0
40,contig_1,343319,C,T,0.34,0.009,94,326,subclonal,False,0.34,0.009,94,326,0.2883435582822086,0
40,contig_1,355031,G,A,0.35,0.022,60,272,subclonal,False,0.35,0.022,60,272,0.22058823529411764,0
40,contig_1,395469,T,C,0.308,0.027,52,75,subclonal,False,0.308,0.027,52,75,0.6933333333333334,1
40,contig_1,418070,A,G,0.357,0.0,14,14,subclonal,False,0.357,0.0,14,14,1.0,0
40,contig_1,463694,C,T,0.0,0.438,307,16,subclonal,False,0.438,0.0,16,307,0.05211726384364821,0
40,contig_1,483788,A,G,0.413,0.027,92,295,subclonal,False,0.413,0.027,92,295,0.31186440677966104,0
40,contig_1,483789,G,A,0.429,0.024,91,290,subclonal,False,0.429,0.024,91,290,0.3137931034482759,0
40,contig_1,513693,C,T,0.003,0.279,388,61,subclonal,False,0.279,0.003,61,388,0.15721649484536082,0
40,contig_1,536041,G,A,0.327,0.019,101,317,subclonal,False,0.327,0.019,101,317,0.3186119873817035,0
40,contig_1,536043,A,G,0.368,0.011,68,265,subclonal,False,0.368,0.011,68,265,0.25660377358490566,0
40,contig_1,551753,T,C,0.265,0.01,34,206,subclonal,False,0.265,0.01,34,206,0.1650485436893204,0
40,contig_1,555332,T,A,0.257,0.0,105,231,subclonal,False,0.257,0.0,105,231,0.45454545454545453,0
40,contig_1,555848,A,G,0.459,0.021,85,331,subclonal,False,0.459,0.021,85,331,0.256797583081571,0
40,contig_1,555849,G,A,0.529,0.015,70,329,subclonal,False,0.529,0.015,70,329,0.2127659574468085,0
40,contig_1,558957,G,A,0.219,0.0,32,349,subclonal,False,0.219,0.0,32,349,0.09169054441260745,0
40,contig_1,579639,T,C,0.235,0.026,34,196,subclonal,False,0.235,0.026,34,196,0.17346938775510204,0
40,contig_1,611219,T,C,0.003,0.274,353,84,subclonal,False,0.274,0.003,84,353,0.23796033994334279,0
40,contig_1,613764,G,A,0.243,0.008,37,254,subclonal,False,0.243,0.008,37,254,0.14566929133858267,0
40,contig_1,638456,G,A,0.006,0.333,469,93,subclonal,False,0.333,0.006,93,469,0.19829424307036247,0
40,contig_1,638676,A,G,0.375,0.0,72,255,subclonal,False,0.375,0.0,72,255,0.2823529411764706,0
40,contig_1,638677,G,A,0.448,0.0,58,253,subclonal,False,0.448,0.0,58,253,0.22924901185770752,0
40,contig_1,650812,A,G,0.447,0.0,38,251,subclonal,False,0.447,0.0,38,251,0.15139442231075698,0
40,contig_1,650813,G,A,0.526,0.0,38,260,subclonal,False,0.526,0.0,38,260,0.14615384615384616,0
40,contig_1,650831,C,T,0.0,0.255,407,47,subclonal,False,0.255,0.0,47,407,0.11547911547911548,0
40,contig_1,653957,G,A,0.27,0.008,126,260,subclonal,False,0.27,0.008,126,260,0.4846153846153846,0
40,contig_1,653958,T,A,0.282,0.004,117,242,subclonal,False,0.282,0.004,117,242,0.4834710743801653,0
40,contig_1,659004,A,G,0.007,0.294,282,34,subclonal,False,0.294,0.007,34,282,0.12056737588652482,0
40,contig_1,664160,T,C,0.0,0.667,230,24,subclonal,False,0.667,0.0,24,230,0.10434782608695652,0
40,contig_1,674301,C,T,0.333,0.007,51,281,subclonal,False,0.333,0.007,51,281,0.18149466192170818,0
40,contig_1,674302,T,C,0.314,0.009,51,233,subclonal,False,0.314,0.009,51,233,0.21888412017167383,0
40,contig_1,675012,G,A,0.253,0.014,79,294,subclonal,False,0.253,0.014,79,294,0.2687074829931973,0
40,contig_1,681182,A,G,0.588,0.007,51,271,subclonal,False,0.588,0.007,51,271,0.1881918819188192,0
40,contig_1,681945,A,G,0.415,0.007,53,306,subclonal,False,0.415,0.007,53,306,0.17320261437908496,0
40,contig_1,746538,A,G,0.246,0.015,61,271,subclonal,False,0.246,0.015,61,271,0.22509225092250923,0
40,contig_1,773674,C,T,0.289,0.007,45,268,subclonal,False,0.289,0.007,45,268,0.16791044776119404,0
40,contig_1,773675,T,C,0.327,0.007,49,280,subclonal,False,0.327,0.007,49,280,0.175,0
40,contig_1,775558,A,G,0.009,0.261,226,23,subclonal,False,0.261,0.009,23,226,0.10176991150442478,0
40,contig_1,796416,T,C,0.333,0.003,66,336,subclonal,False,0.333,0.003,66,336,0.19642857142857142,0
40,contig_1,809135,A,G,0.271,0.0,70,318,subclonal,False,0.271,0.0,70,318,0.22012578616352202,0
40,contig_1,809136,G,A,0.441,0.003,59,335,subclonal,False,0.441,0.003,59,335,0.1761194029850746,0
40,contig_1,822600,G,A,0.014,0.453,414,75,subclonal,False,0.453,0.014,75,414,0.18115942028985507,0
40,contig_1,877285,T,C,0.349,0.008,43,120,subclonal,False,0.349,0.008,43,120,0.35833333333333334,0
40,contig_1,899633,G,A,0.296,0.012,81,332,subclonal,False,0.296,0.012,81,332,0.24397590361445784,0
40,contig_1,901016,A,G,0.302,0.013,116,304,subclonal,False,0.302,0.013,116,304,0.3815789473684211,0
40,contig_1,901017,G,A,0.429,0.011,77,279,subclonal,False,0.429,0.011,77,279,0.27598566308243727,0
40,contig_1,937435,T,A,0.246,0.004,65,285,subclonal,False,0.246,0.004,65,285,0.22807017543859648,0
40,contig_1,966725,A,G,0.431,0.019,72,269,subclonal,False,0.431,0.019,72,269,0.26765799256505574,0
40,contig_1,971421,T,C,0.442,0.01,43,310,subclonal,False,0.442,0.01,43,310,0.13870967741935483,0
40,contig_1,1002369,C,T,0.032,0.356,344,87,subclonal,False,0.356,0.032,87,344,0.25290697674418605,0
40,contig_1,1022692,C,T,0.003,0.326,387,95,subclonal,False,0.326,0.003,95,387,0.2454780361757106,0
40,contig_1,1022693,T,C,0.003,0.375,351,96,subclonal,False,0.375,0.003,96,351,0.27350427350427353,0
40,contig_1,1027011,C,T,0.296,0.021,71,288,subclonal,False,0.296,0.021,71,288,0.2465277777777778,0
40,contig_1,1037932,C,T,0.28,0.003,50,286,subclonal,False,0.28,0.003,50,286,0.17482517482517482,0
40,contig_1,1053703,G,A,0.279,0.009,61,225,subclonal,False,0.279,0.009,61,225,0.27111111111111114,0
40,contig_1,1108602,C,T,0.269,0.0,104,338,subclonal,False,0.269,0.0,104,338,0.3076923076923077,0
40,contig_1,1108603,T,C,0.27,0.0,100,326,subclonal,False,0.27,0.0,100,326,0.3067484662576687,0
40,contig_1,1119390,T,C,0.0,0.392,222,51,subclonal,False,0.392,0.0,51,222,0.22972972972972974,0
40,contig_1,1119392,C,T,0.012,0.239,172,67,subclonal,False,0.239,0.012,67,172,0.38953488372093026,0
40,contig_1,1160361,T,C,0.003,0.261,357,46,subclonal,False,0.261,0.003,46,357,0.12885154061624648,0
40,contig_1,1225206,A,G,0.263,0.016,19,127,subclonal,False,0.263,0.016,19,127,0.14960629921259844,0
40,contig_1,1237415,C,T,0.003,0.368,291,76,subclonal,False,0.368,0.003,76,291,0.2611683848797251,0
40,contig_1,1283128,C,T,0.003,0.257,366,74,subclonal,False,0.257,0.003,74,366,0.20218579234972678,0
40,contig_1,1315817,G,A,0.242,0.0,33,367,subclonal,False,0.242,0.0,33,367,0.08991825613079019,0
40,contig_1,1344290,A,G,0.217,0.007,69,306,subclonal,False,0.217,0.007,69,306,0.22549019607843138,0
40,contig_1,1365424,G,A,0.293,0.013,82,310,subclonal,False,0.293,0.013,82,310,0.2645161290322581,0
40,contig_1,1377415,A,G,0.432,0.044,88,275,subclonal,False,0.432,0.044,88,275,0.32,0
40,contig_1,1377416,G,A,0.482,0.043,83,276,subclonal,False,0.482,0.043,83,276,0.3007246376811594,0
40,contig_1,1379888,A,G,0.311,0.007,103,293,subclonal,False,0.311,0.007,103,293,0.3515358361774744,0
40,contig_1,1379889,G,A,0.363,0.007,80,301,subclonal,False,0.363,0.007,80,301,0.26578073089701,0
40,contig_1,1393619,G,A,0.003,0.274,375,73,subclonal,False,0.274,0.003,73,375,0.19466666666666665,0
40,contig_1,1411226,G,T,0.263,0.006,57,177,subclonal,False,0.263,0.006,57,177,0.3220338983050847,0
40,contig_1,1411230,T,C,0.292,0.0,72,265,subclonal,False,0.292,0.0,72,265,0.27169811320754716,0
40,contig_1,1432639,A,G,0.304,0.015,46,136,subclonal,False,0.304,0.015,46,136,0.3382352941176471,0
40,contig_1,1441135,A,G,0.01,0.351,293,37,subclonal,False,0.351,0.01,37,293,0.12627986348122866,0
40,contig_1,1494798,A,G,0.003,0.333,322,45,subclonal,False,0.333,0.003,45,322,0.13975155279503104,0
40,contig_1,1496003,C,T,0.0,0.296,384,81,subclonal,False,0.296,0.0,81,384,0.2109375,0
40,contig_1,1502738,A,G,0.009,0.363,334,91,subclonal,False,0.363,0.009,91,334,0.27245508982035926,0
40,contig_1,1511123,G,A,0.333,0.004,39,240,subclonal,False,0.333,0.004,39,240,0.1625,0
40,contig_1,1521418,G,A,0.002,0.291,417,55,subclonal,False,0.291,0.002,55,417,0.13189448441247004,0
40,contig_1,1522869,C,T,0.008,0.439,381,82,subclonal,False,0.439,0.008,82,381,0.2152230971128609,0
40,contig_1,1522870,T,C,0.008,0.404,384,94,subclonal,False,0.404,0.008,94,384,0.24479166666666666,0
40,contig_1,1541381,G,A,0.4,0.0,30,182,subclonal,False,0.4,0.0,30,182,0.16483516483516483,0
40,contig_1,1558346,C,T,0.02,0.259,102,27,subclonal,False,0.259,0.02,27,102,0.2647058823529412,0
40,contig_1,1603230,A,G,0.0,0.333,20,12,subclonal,False,0.333,0.0,12,20,0.6,0
40,contig_1,1606276,G,A,0.006,0.33,355,103,subclonal,False,0.33,0.006,103,355,0.29014084507042254,0
40,contig_1,1620610,A,G,0.005,0.291,379,103,subclonal,False,0.291,0.005,103,379,0.2717678100263852,0
40,contig_1,1620611,G,A,0.005,0.277,376,101,subclonal,False,0.277,0.005,101,376,0.26861702127659576,0
40,contig_1,1658237,T,C,0.238,0.008,63,260,subclonal,False,0.238,0.008,63,260,0.2423076923076923,0
40,contig_1,1677576,G,A,0.442,0.009,43,235,subclonal,False,0.442,0.009,43,235,0.1829787234042553,0
40,contig_1,1677577,T,A,0.651,0.021,63,235,subclonal,False,0.651,0.021,63,235,0.2680851063829787,0
40,contig_1,1753018,G,A,0.0,0.27,356,89,subclonal,False,0.27,0.0,89,356,0.25,0
40,contig_1,1764483,T,C,0.003,0.262,336,80,subclonal,False,0.262,0.003,80,336,0.23809523809523808,0
40,contig_1,1773619,C,T,0.008,0.337,375,98,subclonal,False,0.337,0.008,98,375,0.2613333333333333,0
40,contig_1,1829183,A,G,0.412,0.006,85,333,subclonal,False,0.412,0.006,85,333,0.2552552552552553,0
40,contig_1,1829184,G,A,0.485,0.003,66,347,subclonal,False,0.485,0.003,66,347,0.19020172910662825,0
40,contig_1,1892127,G,A,0.267,0.0,75,339,subclonal,False,0.267,0.0,75,339,0.22123893805309736,0
40,contig_1,1899109,C,T,0.302,0.0,96,364,subclonal,False,0.302,0.0,96,364,0.26373626373626374,0
40,contig_1,1913924,A,G,0.356,0.015,104,273,subclonal,False,0.356,0.015,104,273,0.38095238095238093,0
40,contig_1,1913925,G,A,0.541,0.012,61,242,subclonal,False,0.541,0.012,61,242,0.25206611570247933,0
40,contig_1,1923232,A,G,0.642,0.028,53,250,subclonal,False,0.642,0.028,53,250,0.212,0
40,contig_1,1928194,G,A,0.253,0.005,83,215,subclonal,False,0.253,0.005,83,215,0.386046511627907,0
40,contig_1,1986060,A,T,0.0,0.316,382,98,subclonal,False,0.316,0.0,98,382,0.25654450261780104,0
40,contig_1,1987495,A,G,0.425,0.004,80,243,subclonal,False,0.425,0.004,80,243,0.3292181069958848,0
40,contig_1,1987496,G,A,0.387,0.004,75,261,subclonal,False,0.387,0.004,75,261,0.28735632183908044,0
40,contig_1,1988500,T,C,0.0,0.301,449,113,subclonal,False,0.301,0.0,113,449,0.2516703786191537,0
40,contig_1,1999199,T,C,0.366,0.007,131,305,subclonal,False,0.366,0.007,131,305,0.42950819672131146,0
40,contig_1,2062243,A,G,0.521,0.028,96,286,subclonal,False,0.521,0.028,96,286,0.3356643356643357,0
40,contig_1,2062244,G,A,0.5,0.024,100,338,subclonal,False,0.5,0.024,100,338,0.2958579881656805,0
40,contig_1,2085205,T,C,0.029,0.333,348,84,subclonal,False,0.333,0.029,84,348,0.2413793103448276,0
40,contig_1,2111771,G,A,0.509,0.016,55,312,subclonal,False,0.509,0.016,55,312,0.1762820512820513,0
40,contig_1,2133673,A,G,0.011,0.246,271,69,subclonal,False,0.246,0.011,69,271,0.25461254612546125,0
40,contig_1,2150068,A,G,0.429,0.004,70,255,subclonal,False,0.429,0.004,70,255,0.27450980392156865,0
40,contig_1,2150069,G,A,0.267,0.007,86,297,subclonal,False,0.267,0.007,86,297,0.2895622895622896,0
40,contig_1,2178914,A,G,0.511,0.014,47,283,subclonal,False,0.511,0.014,47,283,0.16607773851590105,0
40,contig_1,2215035,C,T,0.012,0.552,434,67,subclonal,False,0.552,0.012,67,434,0.1543778801843318,0
40,contig_1,2239416,G,A,0.029,0.295,377,78,subclonal,False,0.295,0.029,78,377,0.20689655172413793,0
40,contig_1,2255094,G,A,0.003,0.417,359,60,subclonal,False,0.417,0.003,60,359,0.1671309192200557,0
40,contig_1,2278972,C,T,0.016,0.229,373,96,subclonal,False,0.229,0.016,96,373,0.257372654155496,0
40,contig_1,2283267,T,C,0.27,0.049,37,122,subclonal,False,0.27,0.049,37,122,0.30327868852459017,0
40,contig_1,2325229,A,G,0.571,0.018,70,398,subclonal,False,0.571,0.018,70,398,0.17587939698492464,0
40,contig_1,2325230,G,A,0.683,0.015,63,409,subclonal,False,0.683,0.015,63,409,0.15403422982885084,0
40,contig_1,2364416,A,G,0.276,0.003,58,377,subclonal,False,0.276,0.003,58,377,0.15384615384615385,0
40,contig_1,2396646,G,A,0.318,0.009,66,323,subclonal,False,0.318,0.009,66,323,0.2043343653250774,0
40,contig_1,2410695,C,T,0.006,0.465,358,43,subclonal,False,0.465,0.006,43,358,0.12011173184357542,0
40,contig_1,2410696,T,C,0.006,0.396,356,48,subclonal,False,0.396,0.006,48,356,0.1348314606741573,0
40,contig_1,2417242,C,G,0.0,0.4,156,20,subclonal,False,0.4,0.0,20,156,0.1282051282051282,0
40,contig_1,2417243,C,G,0.0,0.364,157,22,subclonal,False,0.364,0.0,22,157,0.14012738853503184,0
40,contig_1,2432350,A,G,0.24,0.012,25,173,subclonal,False,0.24,0.012,25,173,0.14450867052023122,0
40,contig_1,2469741,C,T,0.333,0.0,15,18,subclonal,False,0.333,0.0,15,18,0.8333333333333334,0
40,contig_1,2515872,C,T,0.379,0.0,29,353,subclonal,False,0.379,0.0,29,353,0.0821529745042493,0
40,contig_1,2535872,A,T,0.003,0.259,396,143,subclonal,False,0.259,0.003,143,396,0.3611111111111111,0
40,contig_1,2535873,C,T,0.0,0.281,376,139,subclonal,False,0.281,0.0,139,376,0.3696808510638298,0
40,contig_1,2560965,A,G,0.278,0.0,108,297,subclonal,False,0.278,0.0,108,297,0.36363636363636365,0
40,contig_1,2588059,A,G,0.007,0.435,431,92,subclonal,False,0.435,0.007,92,431,0.21345707656612528,0
40,contig_1,2588060,G,A,0.007,0.442,441,95,subclonal,False,0.442,0.007,95,441,0.21541950113378686,0
40,contig_1,2628732,A,G,0.312,0.003,32,317,subclonal,False,0.312,0.003,32,317,0.10094637223974763,0
40,contig_1,2629762,C,T,0.316,0.016,98,316,subclonal,False,0.316,0.016,98,316,0.310126582278481,0
40,contig_1,2633884,A,G,0.313,0.009,67,327,subclonal,False,0.313,0.009,67,327,0.20489296636085627,0
40,contig_1,2633885,G,A,0.284,0.016,67,321,subclonal,False,0.284,0.016,67,321,0.2087227414330218,0
40,contig_1,2662642,C,T,0.002,0.358,470,53,subclonal,False,0.358,0.002,53,470,0.1127659574468085,0
40,contig_1,2662643,T,C,0.002,0.314,456,70,subclonal,False,0.314,0.002,70,456,0.15350877192982457,0
40,contig_1,2709564,G,A,0.443,0.046,79,217,subclonal,False,0.443,0.046,79,217,0.3640552995391705,0
40,contig_1,2712650,A,G,0.676,0.009,34,215,subclonal,False,0.676,0.009,34,215,0.15813953488372093,0
40,contig_1,2713933,A,G,0.424,0.011,59,355,subclonal,False,0.424,0.011,59,355,0.16619718309859155,0
40,contig_1,2713934,G,A,0.468,0.011,47,373,subclonal,False,0.468,0.011,47,373,0.1260053619302949,0
40,contig_1,2729399,C,T,0.292,0.018,96,391,subclonal,False,0.292,0.018,96,391,0.24552429667519182,0
40,contig_1,2733454,G,A,0.017,0.405,356,42,subclonal,False,0.405,0.017,42,356,0.11797752808988764,0
40,contig_1,2736035,C,T,0.364,0.019,88,366,subclonal,False,0.364,0.019,88,366,0.24043715846994534,0
40,contig_1,2736036,T,C,0.317,0.017,101,355,subclonal,False,0.317,0.017,101,355,0.28450704225352114,0
40,contig_1,2748898,G,A,0.456,0.016,79,251,subclonal,False,0.456,0.016,79,251,0.3147410358565737,0
40,contig_1,2780544,C,T,0.992,0.096,487,449,fixed,False,0.992,0.096,487,449,1.0846325167037862,1
40,contig_1,2780851,G,C,0.4,0.012,20,172,subclonal,False,0.4,0.012,20,172,0.11627906976744186,0
40,contig_1,2810478,C,T,0.991,0.0,455,403,fixed,False,0.991,0.0,455,403,1.1290322580645162,1
40,contig_1,2825584,C,T,0.324,0.0,105,456,subclonal,False,0.324,0.0,105,456,0.23026315789473684,0
40,contig_1,2825585,T,C,0.272,0.0,114,433,subclonal,False,0.272,0.0,114,433,0.2632794457274827,0
40,contig_1,2837434,A,G,0.309,0.006,94,327,subclonal,False,0.309,0.006,94,327,0.2874617737003058,0
40,contig_1,2839902,T,A,0.385,0.012,179,254,subclonal,False,0.385,0.012,179,254,0.7047244094488189,1
40,contig_1,2903961,C,T,0.023,0.6,176,35,subclonal,False,0.6,0.023,35,176,0.19886363636363635,0
40,contig_1,2904561,A,G,0.297,0.0,37,300,subclonal,False,0.297,0.0,37,300,0.12333333333333334,0
40,contig_1,2939964,G,A,0.44,0.005,100,424,subclonal,False,0.44,0.005,100,424,0.2358490566037736,0
40,contig_1,2969227,T,C,0.0,0.237,437,97,subclonal,False,0.237,0.0,97,437,0.2219679633867277,0
40,contig_1,2969843,A,G,0.359,0.003,78,324,subclonal,False,0.359,0.003,78,324,0.24074074074074073,0
40,contig_1,2969844,G,A,0.366,0.003,82,354,subclonal,False,0.366,0.003,82,354,0.23163841807909605,0
40,contig_1,3004499,T,A,0.021,0.301,478,186,subclonal,False,0.301,0.021,186,478,0.3891213389121339,0
40,contig_1,3039372,C,T,0.005,0.362,395,127,subclonal,False,0.362,0.005,127,395,0.32151898734177214,0
40,contig_1,3063064,T,C,0.008,0.436,359,78,subclonal,False,0.436,0.008,78,359,0.21727019498607242,0
40,contig_1,3074001,C,T,0.282,0.009,71,428,subclonal,False,0.282,0.009,71,428,0.1658878504672897,0
40,contig_1,3083451,A,G,0.978,0.085,369,413,fixed,False,0.978,0.085,369,413,0.8934624697336562,1
40,contig_1,3129302,C,T,0.405,0.014,37,218,subclonal,False,0.405,0.014,37,218,0.16972477064220184,0
40,contig_1,3129303,T,C,0.275,0.014,51,211,subclonal,False,0.275,0.014,51,211,0.24170616113744076,0
40,contig_1,3140164,G,A,0.0,0.232,483,56,subclonal,False,0.232,0.0,56,483,0.11594202898550725,0
40,contig_1,3191952,A,G,0.455,0.0,11,39,subclonal,False,0.455,0.0,11,39,0.28205128205128205,0
40,contig_1,3193940,C,T,0.351,0.0,74,438,subclonal,False,0.351,0.0,74,438,0.1689497716894977,0
40,contig_1,3203789,T,C,0.714,0.043,154,281,subclonal,False,0.714,0.043,154,281,0.5480427046263345,1
40,contig_1,3221644,T,C,0.544,0.025,90,317,subclonal,False,0.544,0.025,90,317,0.28391167192429023,0
40,contig_1,3253325,G,A,0.439,0.002,66,420,subclonal,False,0.439,0.002,66,420,0.15714285714285714,0
40,contig_1,3262736,T,C,0.002,0.467,414,30,subclonal,False,0.467,0.002,30,414,0.07246376811594203,0
40,contig_1,3356069,A,G,0.313,0.015,83,400,subclonal,False,0.313,0.015,83,400,0.2075,0
40,contig_1,3356070,G,A,0.316,0.009,79,435,subclonal,False,0.316,0.009,79,435,0.18160919540229886,0
40,contig_1,3365579,C,A,0.995,0.066,211,346,fixed,False,0.995,0.066,211,346,0.6098265895953757,1
40,contig_1,3396335,A,G,0.0,0.289,447,121,subclonal,False,0.289,0.0,121,447,0.27069351230425054,0
40,contig_1,3415415,G,A,0.242,0.0,33,296,subclonal,False,0.242,0.0,33,296,0.11148648648648649,0
40,contig_1,3424409,A,G,0.29,0.005,69,390,subclonal,False,0.29,0.005,69,390,0.17692307692307693,0
40,contig_1,3502777,A,G,0.769,0.03,78,435,subclonal,False,0.769,0.03,78,435,0.1793103448275862,0
40,contig_1,3530634,A,G,0.438,0.006,48,362,subclonal,False,0.438,0.006,48,362,0.13259668508287292,0
40,contig_1,3530638,C,T,0.323,0.008,65,392,subclonal,False,0.323,0.008,65,392,0.16581632653061223,0
40,contig_1,3535604,A,G,0.011,0.312,281,80,subclonal,False,0.312,0.011,80,281,0.2846975088967972,0
40,contig_1,3548139,A,G,0.366,0.022,71,275,subclonal,False,0.366,0.022,71,275,0.2581818181818182,0
40,contig_1,3550137,T,C,0.43,0.008,93,399,subclonal,False,0.43,0.008,93,399,0.23308270676691728,0
40,contig_1,3611684,A,G,0.323,0.011,133,476,subclonal,False,0.323,0.011,133,476,0.27941176470588236,0
40,contig_1,3611685,G,A,0.336,0.013,110,478,subclonal,False,0.336,0.013,110,478,0.2301255230125523,0
40,contig_1,3636576,T,C,0.817,0.042,93,310,subclonal,False,0.817,0.042,93,310,0.3,0
40,contig_1,3640288,G,A,0.231,0.012,26,83,subclonal,False,0.231,0.012,26,83,0.3132530120481928,0
40,contig_1,3718862,C,T,0.28,0.0,75,516,subclonal,False,0.28,0.0,75,516,0.14534883720930233,0
40,contig_1,3739073,T,C,0.017,0.371,348,105,subclonal,False,0.371,0.017,105,348,0.3017241379310345,0
40,contig_1,3755633,A,G,0.008,0.341,371,123,subclonal,False,0.341,0.008,123,371,0.33153638814016173,0
40,contig_1,3791976,A,G,0.356,0.008,59,367,subclonal,False,0.356,0.008,59,367,0.16076294277929154,0
40,contig_1,3884169,C,T,0.018,0.365,272,52,subclonal,False,0.365,0.018,52,272,0.19117647058823528,0
40,contig_1,3884170,T,C,0.015,0.265,262,68,subclonal,False,0.265,0.015,68,262,0.2595419847328244,0
40,contig_1,3909853,A,G,0.256,0.009,43,346,subclonal,False,0.256,0.009,43,346,0.12427745664739884,0
40,contig_1,3946355,A,G,0.005,0.41,434,61,subclonal,False,0.41,0.005,61,434,0.14055299539170507,0
40,contig_1,4014167,A,T,0.267,0.0,45,385,subclonal,False,0.267,0.0,45,385,0.11688311688311688,0
40,contig_1,4014168,A,G,0.271,0.0,48,380,subclonal,False,0.271,0.0,48,380,0.12631578947368421,0
40,contig_1,4041952,A,G,0.021,0.313,334,115,subclonal,False,0.313,0.021,115,334,0.344311377245509,0
40,contig_1,4051248,C,T,0.217,0.002,46,436,subclonal,False,0.217,0.002,46,436,0.10550458715596331,0
40,contig_1,4112227,C,T,0.316,0.036,19,28,subclonal,False,0.316,0.036,19,28,0.6785714285714286,0
40,contig_1,4161869,A,G,0.271,0.013,70,302,subclonal,False,0.271,0.013,70,302,0.23178807947019867,0
40,contig_1,4161873,C,T,0.505,0.025,109,318,subclonal,False,0.505,0.025,109,318,0.34276729559748426,0
40,contig_1,4171343,A,G,0.463,0.0,123,328,subclonal,False,0.463,0.0,123,328,0.375,0
40,contig_1,4171344,G,A,0.46,0.0,124,374,subclonal,False,0.46,0.0,124,374,0.3315508021390374,0
40,contig_1,4210018,A,G,0.308,0.003,52,332,subclonal,False,0.308,0.003,52,332,0.1566265060240964,0
40,contig_1,4278428,C,T,0.528,0.012,142,421,subclonal,False,0.528,0.012,142,421,0.33729216152019004,0
40,contig_1,4278429,T,C,0.534,0.012,148,409,subclonal,False,0.534,0.012,148,409,0.36185819070904646,0
40,contig_1,4288237,C,T,0.004,0.534,455,58,subclonal,False,0.534,0.004,58,455,0.12747252747252746,0
40,contig_1,4308462,T,C,0.281,0.002,96,402,subclonal,False,0.281,0.002,96,402,0.23880597014925373,0
40,contig_1,4332054,C,T,0.007,0.35,419,40,subclonal,False,0.35,0.007,40,419,0.0954653937947494,0
40,contig_1,4345857,G,T,0.333,0.005,93,207,subclonal,False,0.333,0.005,93,207,0.4492753623188406,0
40,contig_1,4384653,A,G,0.047,0.421,316,76,subclonal,False,0.421,0.047,76,316,0.24050632911392406,0
40,contig_1,4409186,T,C,0.0,0.318,310,22,subclonal,False,0.318,0.0,22,310,0.07096774193548387,0
40,contig_1,4423398,A,G,0.002,0.325,417,40,subclonal,False,0.325,0.002,40,417,0.09592326139088729,0
40,contig_1,4557101,T,C,0.238,0.008,21,246,subclonal,False,0.238,0.008,21,246,0.08536585365853659,0
40,contig_1,4559069,G,A,0.413,0.003,46,366,subclonal,False,0.413,0.003,46,366,0.12568306010928962,0
40,contig_1,4585479,G,A,0.369,0.0,65,308,subclonal,False,0.369,0.0,65,308,0.21103896103896103,0
40,contig_1,4594338,A,G,0.411,0.002,168,421,subclonal,False,0.411,0.002,168,421,0.3990498812351544,0
40,contig_1,4594339,G,A,0.357,0.002,168,444,subclonal,False,0.357,0.002,168,444,0.3783783783783784,0
40,contig_1,4603527,A,G,0.032,0.577,185,26,subclonal,False,0.577,0.032,26,185,0.14054054054054055,0
40,contig_1,4627962,G,A,0.008,0.343,389,102,subclonal,False,0.343,0.008,102,389,0.2622107969151671,0
40,contig_1,4647370,A,G,0.229,0.019,35,267,subclonal,False,0.229,0.019,35,267,0.13108614232209737,0
40,contig_1,4659013,T,C,0.556,0.0,27,315,subclonal,False,0.556,0.0,27,315,0.08571428571428572,0
40,contig_1,4659015,C,T,0.235,0.003,51,337,subclonal,False,0.235,0.003,51,337,0.1513353115727003,0
40,contig_1,4666987,G,A,0.339,0.031,109,352,subclonal,False,0.339,0.031,109,352,0.3096590909090909,0
40,contig_1,4673029,C,T,0.275,0.0,40,343,subclonal,False,0.275,0.0,40,343,0.11661807580174927,0
40,contig_1,4693610,C,T,0.25,0.012,68,338,subclonal,False,0.25,0.012,68,338,0.20118343195266272,0
40,contig_1,4716419,A,G,0.013,0.302,462,96,subclonal,False,0.302,0.013,96,462,0.2077922077922078,0
40,contig_1,4747895,A,G,0.033,0.297,304,101,subclonal,False,0.297,0.033,101,304,0.33223684210526316,0
40,contig_1,4780739,A,G,0.53,0.0,66,272,subclonal,False,0.53,0.0,66,272,0.2426470588235294,0
40,contig_1,4780740,G,A,0.432,0.0,81,396,subclonal,False,0.432,0.0,81,396,0.20454545454545456,0
40,contig_1,4782979,G,A,0.267,0.008,30,378,subclonal,False,0.267,0.008,30,378,0.07936507936507936,0
40,contig_1,4804718,G,A,0.047,0.321,212,56,subclonal,False,0.321,0.047,56,212,0.2641509433962264,0
40,contig_1,4857376,G,A,0.0,0.25,312,64,subclonal,False,0.25,0.0,64,312,0.20512820512820512,0
40,contig_1,4857380,T,C,0.005,0.221,378,68,subclonal,False,0.221,0.005,68,378,0.17989417989417988,0
40,contig_1,4877075,A,G,0.011,0.3,349,30,subclonal,False,0.3,0.011,30,349,0.08595988538681948,0
40,contig_1,4888640,T,C,0.273,0.003,55,309,subclonal,False,0.273,0.003,55,309,0.1779935275080906,0
40,contig_1,4900494,C,T,0.003,0.25,307,40,subclonal,False,0.25,0.003,40,307,0.13029315960912052,0
40,contig_1,4908476,C,A,0.0,0.255,285,47,subclonal,False,0.255,0.0,47,285,0.1649122807017544,0
40,contig_1,4947752,G,A,0.019,0.479,323,48,subclonal,False,0.479,0.019,48,323,0.14860681114551083,0
40,contig_1,4949632,C,T,0.522,0.014,90,357,subclonal,False,0.522,0.014,90,357,0.25210084033613445,0
40,contig_1,4949633,T,C,0.475,0.019,101,365,subclonal,False,0.475,0.019,101,365,0.27671232876712326,0
40,contig_1,5009932,A,G,0.022,0.309,268,68,subclonal,False,0.309,0.022,68,268,0.2537313432835821,0
80,contig_1,55020,G,A,0.349,0.027,63,184,subclonal,False,0.349,0.027,63,184,0.3423913043478261,0
80,contig_1,291041,T,C,0.006,0.274,342,62,subclonal,False,0.274,0.006,62,342,0.18128654970760233,0
80,contig_1,297255,C,T,0.0,0.238,277,80,subclonal,False,0.238,0.0,80,277,0.2888086642599278,0
80,contig_1,313034,C,T,0.032,0.356,155,59,subclonal,False,0.356,0.032,59,155,0.38064516129032255,0
80,contig_1,421565,C,T,0.425,0.003,87,326,subclonal,False,0.425,0.003,87,326,0.2668711656441718,0
80,contig_1,421566,T,C,0.447,0.003,85,310,subclonal,False,0.447,0.003,85,310,0.27419354838709675,0
80,contig_1,521173,G,A,0.417,0.0,108,313,subclonal,False,0.417,0.0,108,313,0.3450479233226837,0
80,contig_1,622589,A,G,0.254,0.0,63,276,subclonal,False,0.254,0.0,63,276,0.22826086956521738,0
80,contig_1,743038,T,C,0.008,0.271,266,48,subclonal,False,0.271,0.008,48,266,0.18045112781954886,0
80,contig_1,837648,A,G,0.348,0.011,92,280,subclonal,False,0.348,0.011,92,280,0.32857142857142857,0
80,contig_1,839452,T,C,0.317,0.016,60,256,subclonal,False,0.317,0.016,60,256,0.234375,0
80,contig_1,945341,A,G,0.032,0.417,156,12,subclonal,False,0.417,0.032,12,156,0.07692307692307693,0
80,contig_1,1087476,A,G,0.643,0.007,70,279,subclonal,False,0.643,0.007,70,279,0.25089605734767023,0
80,contig_1,1138937,A,G,0.011,0.292,271,24,subclonal,False,0.292,0.011,24,271,0.08856088560885608,0
80,contig_1,1165716,G,A,0.009,0.234,221,64,subclonal,False,0.234,0.009,64,221,0.2895927601809955,0
80,contig_1,1322536,C,T,0.319,0.003,116,359,subclonal,False,0.319,0.003,116,359,0.3231197771587744,0
80,contig_1,1322537,T,C,0.328,0.003,128,353,subclonal,False,0.328,0.003,128,353,0.3626062322946176,0
80,contig_1,1351541,A,G,0.005,0.293,397,82,subclonal,False,0.293,0.005,82,397,0.20654911838790932,0
80,contig_1,1367729,A,G,0.005,0.316,370,38,subclonal,False,0.316,0.005,38,370,0.10270270270270271,0
80,contig_1,1552997,A,G,0.471,0.006,17,171,subclonal,False,0.471,0.006,17,171,0.09941520467836257,0
80,contig_1,1694316,T,C,0.003,0.245,312,49,subclonal,False,0.245,0.003,49,312,0.15705128205128205,0
80,contig_1,1708505,C,T,0.041,0.3,221,70,subclonal,False,0.3,0.041,70,221,0.3167420814479638,0
80,contig_1,1708506,T,C,0.048,0.278,230,72,subclonal,False,0.278,0.048,72,230,0.3130434782608696,0
80,contig_1,1734393,A,G,0.354,0.0,65,352,subclonal,False,0.354,0.0,65,352,0.1846590909090909,0
80,contig_1,1734394,G,A,0.294,0.0,51,352,subclonal,False,0.294,0.0,51,352,0.14488636363636365,0
80,contig_1,1736795,C,T,0.006,0.308,357,91,subclonal,False,0.308,0.006,91,357,0.2549019607843137,0
80,contig_1,1878537,T,C,0.338,0.009,71,219,subclonal,False,0.338,0.009,71,219,0.3242009132420091,0
80,contig_1,1895702,C,T,0.005,0.258,192,62,subclonal,False,0.258,0.005,62,192,0.3229166666666667,0
80,contig_1,1906678,A,G,0.316,0.0,57,180,subclonal,False,0.316,0.0,57,180,0.31666666666666665,0
80,contig_1,2068788,T,C,0.343,0.016,35,123,subclonal,False,0.343,0.016,35,123,0.2845528455284553,0
80,contig_1,2106098,A,G,0.004,0.366,281,41,subclonal,False,0.366,0.004,41,281,0.14590747330960854,0
80,contig_1,2272020,A,G,0.0,0.342,442,76,subclonal,False,0.342,0.0,76,442,0.17194570135746606,0
80,contig_1,2272021,G,A,0.0,0.383,395,60,subclonal,False,0.383,0.0,60,395,0.1518987341772152,0
80,contig_1,2320561,G,A,0.0,0.279,342,61,subclonal,False,0.279,0.0,61,342,0.1783625730994152,0
80,contig_1,2383383,T,G,0.002,0.268,445,41,subclonal,False,0.268,0.002,41,445,0.09213483146067415,0
80,contig_1,2745580,A,G,0.012,0.39,321,41,subclonal,False,0.39,0.012,41,321,0.1277258566978193,0
80,contig_1,2745584,C,T,0.0,0.241,282,29,subclonal,False,0.241,0.0,29,282,0.10283687943262411,0
80,contig_1,2773777,G,A,0.004,0.25,241,36,subclonal,False,0.25,0.004,36,241,0.14937759336099585,0
80,contig_1,2811727,C,T,0.306,0.005,108,401,subclonal,False,0.306,0.005,108,401,0.26932668329177056,0
80,contig_1,2901263,C,T,0.349,0.008,166,366,subclonal,False,0.349,0.008,166,366,0.453551912568306,0
80,contig_1,2939389,A,G,0.035,0.409,432,132,subclonal,False,0.409,0.035,132,432,0.3055555555555556,0
80,contig_1,2939390,G,A,0.027,0.408,438,120,subclonal,False,0.408,0.027,120,438,0.273972602739726,0
80,contig_1,2995285,T,G,0.998,0.0,401,363,fixed,False,0.998,0.0,401,363,1.1046831955922864,1
80,contig_1,3070250,G,A,0.024,0.254,251,71,subclonal,False,0.254,0.024,71,251,0.28286852589641437,0
80,contig_1,3095668,C,T,0.254,0.009,63,337,subclonal,False,0.254,0.009,63,337,0.18694362017804153,0
80,contig_1,3171569,T,C,0.005,0.581,422,62,subclonal,False,0.581,0.005,62,422,0.14691943127962084,0
80,contig_1,3171955,A,G,0.337,0.0,101,295,subclonal,False,0.337,0.0,101,295,0.3423728813559322,0
80,contig_1,3171956,G,A,0.405,0.0,84,305,subclonal,False,0.405,0.0,84,305,0.2754098360655738,0
80,contig_1,3193632,G,A,0.324,0.0,71,286,subclonal,False,0.324,0.0,71,286,0.24825174825174826,0
80,contig_1,3243430,A,G,0.036,0.303,331,76,subclonal,False,0.303,0.036,76,331,0.229607250755287,0
80,contig_1,3272385,T,C,0.254,0.046,63,87,subclonal,False,0.254,0.046,63,87,0.7241379310344828,1
80,contig_1,3351748,A,G,0.3,0.0,10,25,subclonal,False,0.3,0.0,10,25,0.4,0
80,contig_1,3435595,T,C,0.005,0.318,424,85,subclonal,False,0.318,0.005,85,424,0.20047169811320756,0
80,contig_1,3497044,T,C,0.033,0.282,366,103,subclonal,False,0.282,0.033,103,366,0.2814207650273224,0
80,contig_1,3538179,C,T,0.002,0.264,489,125,subclonal,False,0.264,0.002,125,489,0.2556237218813906,0
80,contig_1,3634911,T,C,0.01,0.33,416,106,subclonal,False,0.33,0.01,106,416,0.2548076923076923,0
80,contig_1,3653949,T,C,0.253,0.0,83,317,subclonal,False,0.253,0.0,83,317,0.2618296529968454,0
80,contig_1,3683252,A,G,0.404,0.003,104,307,subclonal,False,0.404,0.003,104,307,0.33876221498371334,0
80,contig_1,3778026,C,T,0.044,0.33,360,100,subclonal,False,0.33,0.044,100,360,0.2777777777777778,0
80,contig_1,3833172,A,G,0.034,0.276,298,98,subclonal,False,0.276,0.034,98,298,0.3288590604026846,0
80,contig_1,3833173,G,A,0.033,0.333,300,81,subclonal,False,0.333,0.033,81,300,0.27,0
80,contig_1,3894098,T,C,0.241,0.004,58,224,subclonal,False,0.241,0.004,58,224,0.25892857142857145,0
80,contig_1,3904591,G,A,0.039,0.5,204,36,subclonal,False,0.5,0.039,36,204,0.17647058823529413,0
80,contig_1,4082134,G,A,0.392,0.009,97,338,subclonal,False,0.392,0.009,97,338,0.2869822485207101,0
80,contig_1,4102381,G,A,0.366,0.0,142,351,subclonal,False,0.366,0.0,142,351,0.4045584045584046,0
80,contig_1,4111728,A,G,0.308,0.011,39,188,subclonal,False,0.308,0.011,39,188,0.2074468085106383,0
80,contig_1,4229776,T,C,0.049,0.301,305,73,subclonal,False,0.301,0.049,73,305,0.23934426229508196,0
80,contig_1,4264306,G,C,0.003,0.364,289,55,subclonal,False,0.364,0.003,55,289,0.1903114186851211,0
80,contig_1,4328890,A,G,0.037,0.459,242,61,subclonal,False,0.459,0.037,61,242,0.25206611570247933,0
80,contig_1,4364864,C,T,0.382,0.004,34,260,subclonal,False,0.382,0.004,34,260,0.13076923076923078,0
80,contig_1,4379695,G,A,0.555,0.004,137,283,subclonal,False,0.555,0.004,137,283,0.4840989399293286,0
80,contig_1,4443913,T,C,0.297,0.009,37,228,subclonal,False,0.297,0.009,37,228,0.16228070175438597,0
80,contig_1,4539654,T,C,0.029,0.238,242,63,subclonal,False,0.238,0.029,63,242,0.2603305785123967,0
80,contig_1,4661565,C,T,0.0,0.405,308,37,subclonal,False,0.405,0.0,37,308,0.12012987012987013,0
202,contig_1,1217944,A,T,0.043,0.25,23,20,subclonal,False,0.25,0.043,20,23,0.8695652173913043,1
202,contig_1,1485070,C,T,0.974,0.0,423,333,fixed,False,0.974,0.0,423,333,1.2702702702702702,1
202,contig_1,2843464,C,T,0.971,0.008,205,125,fixed,False,0.971,0.008,205,125,1.64,1
202,contig_1,3257824,C,A,0.356,0.033,309,273,subclonal,False,0.356,0.033,309,273,1.1318681318681318,1
202,contig_1,3257826,C,T,0.357,0.048,297,249,subclonal,False,0.357,0.048,297,249,1.1927710843373494,1
202,contig_1,3257845,C,T,0.38,0.041,355,319,subclonal,False,0.38,0.041,355,319,1.1128526645768024,1
202,contig_1,3257848,G,T,0.385,0.045,353,309,subclonal,False,0.385,0.045,353,309,1.1423948220064726,1
212,contig_1,764163,T,C,0.035,0.441,314,222,subclonal,True,0.441,0.035,222,314,0.7070063694267515,1
212,contig_1,764167,T,G,0.01,0.392,299,181,subclonal,True,0.392,0.01,181,299,0.6053511705685619,1
212,contig_1,764168,A,G,0.02,0.379,300,182,subclonal,True,0.379,0.02,182,300,0.6066666666666667,1
212,contig_1,764187,G,T,0.038,0.335,211,167,subclonal,True,0.335,0.038,167,211,0.7914691943127962,1
212,contig_1,764188,C,T,0.044,0.446,229,184,subclonal,True,0.446,0.044,184,229,0.8034934497816594,1
212,contig_1,764191,C,G,0.032,0.34,251,162,subclonal,True,0.34,0.032,162,251,0.6454183266932271,1
212,contig_1,764192,G,T,0.028,0.29,287,193,subclonal,True,0.29,0.028,193,287,0.6724738675958188,1
212,contig_1,764200,T,C,0.034,0.311,238,196,subclonal,True,0.311,0.034,196,238,0.8235294117647058,1
212,contig_1,764205,A,G,0.048,0.509,207,163,subclonal,True,0.509,0.048,163,207,0.7874396135265701,1
212,contig_1,764212,A,C,0.03,0.459,199,135,subclonal,True,0.459,0.03,135,199,0.678391959798995,1
212,contig_1,764218,C,T,0.028,0.466,213,133,subclonal,True,0.466,0.028,133,213,0.6244131455399061,1
212,contig_1,764228,C,A,0.038,0.457,263,188,subclonal,True,0.457,0.038,188,263,0.714828897338403,1
212,contig_1,764238,C,G,0.023,0.405,266,168,subclonal,True,0.405,0.023,168,266,0.631578947368421,1
212,contig_1,764239,G,A,0.025,0.403,285,191,subclonal,True,0.403,0.025,191,285,0.6701754385964912,1
212,contig_1,764247,C,G,0.038,0.574,156,115,subclonal,True,0.574,0.038,115,156,0.7371794871794872,1
212,contig_1,764256,A,G,0.021,0.418,194,134,subclonal,True,0.418,0.021,134,194,0.6907216494845361,1
212,contig_1,764265,G,C,0.038,0.326,211,132,subclonal,True,0.326,0.038,132,211,0.6255924170616114,1
212,contig_1,764268,G,C,0.034,0.392,208,130,subclonal,True,0.392,0.034,130,208,0.625,1
212,contig_1,764270,A,C,0.039,0.48,153,100,subclonal,True,0.48,0.039,100,153,0.6535947712418301,1
212,contig_1,764271,A,T,0.032,0.366,221,123,subclonal,True,0.366,0.032,123,221,0.5565610859728507,1
212,contig_1,764273,A,G,0.036,0.411,220,141,subclonal,True,0.411,0.036,141,220,0.6409090909090909,1
212,contig_1,764277,C,G,0.038,0.469,211,145,subclonal,True,0.469,0.038,145,211,0.6872037914691943,1
212,contig_1,764283,T,C,0.021,0.392,242,148,subclonal,True,0.392,0.021,148,242,0.6115702479338843,1
212,contig_1,764292,G,A,0.031,0.449,229,147,subclonal,True,0.449,0.031,147,229,0.6419213973799127,1
212,contig_1,764293,T,C,0.027,0.43,257,172,subclonal,True,0.43,0.027,172,257,0.669260700389105,1
212,contig_1,764294,C,A,0.024,0.392,254,166,subclonal,True,0.392,0.024,166,254,0.6535433070866141,1
212,contig_1,764298,C,G,0.023,0.394,258,165,subclonal,True,0.394,0.023,165,258,0.6395348837209303,1
212,contig_1,764299,G,C,0.025,0.412,275,177,subclonal,True,0.412,0.025,177,275,0.6436363636363637,1
212,contig_1,764304,A,G,0.027,0.416,261,161,subclonal,True,0.416,0.027,161,261,0.6168582375478927,1
212,contig_1,764307,T,C,0.021,0.428,236,152,subclonal,True,0.428,0.021,152,236,0.6440677966101694,1
212,contig_1,764313,G,A,0.019,0.449,215,138,subclonal,True,0.449,0.019,138,215,0.641860465116279,1
212,contig_1,764331,C,T,0.034,0.312,146,96,subclonal,True,0.312,0.034,96,146,0.6575342465753424,1
212,contig_1,764340,C,A,0.036,0.47,248,183,subclonal,True,0.47,0.036,183,248,0.7379032258064516,1
212,contig_1,764343,G,C,0.032,0.565,157,115,subclonal,True,0.565,0.032,115,157,0.732484076433121,1
212,contig_1,764349,C,T,0.045,0.416,244,166,subclonal,True,0.416,0.045,166,244,0.680327868852459,1
212,contig_1,764350,T,G,0.044,0.438,251,178,subclonal,True,0.438,0.044,178,251,0.7091633466135459,1
212,contig_1,764361,T,C,0.019,0.402,269,169,subclonal,True,0.402,0.019,169,269,0.6282527881040892,1
212,contig_1,764370,G,C,0.039,0.459,279,205,subclonal,True,0.459,0.039,205,279,0.7347670250896058,1
212,contig_1,764373,C,T,0.034,0.42,297,212,subclonal,True,0.42,0.034,212,297,0.7138047138047138,1
212,contig_1,764374,T,C,0.036,0.42,280,207,subclonal,True,0.42,0.036,207,280,0.7392857142857143,1
212,contig_1,764381,A,C,0.033,0.408,300,213,subclonal,True,0.408,0.033,213,300,0.71,1
212,contig_1,764384,C,T,0.037,0.439,245,189,subclonal,True,0.439,0.037,189,245,0.7714285714285715,1
212,contig_1,764392,C,A,0.034,0.372,235,148,subclonal,True,0.372,0.034,148,235,0.6297872340425532,1
212,contig_1,764393,T,G,0.03,0.36,236,150,subclonal,True,0.36,0.03,150,236,0.635593220338983,1
212,contig_1,764394,C,T,0.029,0.331,272,163,subclonal,True,0.331,0.029,163,272,0.5992647058823529,1
212,contig_1,764400,G,T,0.028,0.379,181,95,subclonal,True,0.379,0.028,95,181,0.5248618784530387,1
212,contig_1,764403,A,C,0.026,0.295,232,132,subclonal,True,0.295,0.026,132,232,0.5689655172413793,1
212,contig_1,764408,A,T,0.028,0.36,246,150,subclonal,True,0.36,0.028,150,246,0.6097560975609756,1
212,contig_1,764415,C,G,0.04,0.475,227,181,subclonal,True,0.475,0.04,181,227,0.7973568281938326,1
212,contig_1,764421,C,A,0.032,0.296,217,135,subclonal,True,0.296,0.032,135,217,0.6221198156682027,1
212,contig_1,764424,C,G,0.026,0.346,270,153,subclonal,True,0.346,0.026,153,270,0.5666666666666667,1
212,contig_1,764436,T,C,0.028,0.367,251,158,subclonal,True,0.367,0.028,158,251,0.6294820717131474,1
212,contig_1,764437,A,G,0.027,0.376,257,173,subclonal,True,0.376,0.027,173,257,0.6731517509727627,1
212,contig_1,764442,G,C,0.025,0.452,197,124,subclonal,True,0.452,0.025,124,197,0.6294416243654822,1
212,contig_1,764445,C,A,0.04,0.346,175,130,subclonal,True,0.346,0.04,130,175,0.7428571428571429,1
212,contig_1,764475,C,G,0.039,0.421,284,195,subclonal,True,0.421,0.039,195,284,0.6866197183098591,1
212,contig_1,764478,A,T,0.039,0.432,281,206,subclonal,True,0.432,0.039,206,281,0.7330960854092526,1
212,contig_1,764480,A,G,0.045,0.465,264,198,subclonal,True,0.465,0.045,198,264,0.75,1
212,contig_1,764485,G,A,0.048,0.463,210,149,subclonal,True,0.463,0.048,149,210,0.7095238095238096,1
212,contig_1,764490,G,C,0.043,0.456,254,180,subclonal,True,0.456,0.043,180,254,0.7086614173228346,1
212,contig_1,764502,C,T,0.018,0.421,167,126,subclonal,True,0.421,0.018,126,167,0.7544910179640718,1
212,contig_1,764515,A,C,0.036,0.494,225,168,subclonal,True,0.494,0.036,168,225,0.7466666666666667,1
212,contig_1,764521,A,G,0.041,0.444,196,160,subclonal,True,0.444,0.041,160,196,0.8163265306122449,1
212,contig_1,764522,C,A,0.044,0.456,180,147,subclonal,True,0.456,0.044,147,180,0.8166666666666667,1
212,contig_1,764523,A,G,0.041,0.449,194,147,subclonal,True,0.449,0.041,147,194,0.7577319587628866,1
212,contig_1,764534,C,A,0.034,0.437,206,151,subclonal,True,0.437,0.034,151,206,0.7330097087378641,1
212,contig_1,764539,C,T,0.036,0.366,225,153,subclonal,True,0.366,0.036,153,225,0.68,1
212,contig_1,764547,A,G,0.039,0.493,205,144,subclonal,True,0.493,0.039,144,205,0.7024390243902439,1
212,contig_1,764549,A,G,0.045,0.471,222,153,subclonal,True,0.471,0.045,153,222,0.6891891891891891,1
212,contig_1,764550,G,C,0.036,0.451,253,173,subclonal,True,0.451,0.036,173,253,0.6837944664031621,1
212,contig_1,764553,T,A,0.024,0.41,246,166,subclonal,True,0.41,0.024,166,246,0.6747967479674797,1
212,contig_1,764556,G,C,0.022,0.387,272,191,subclonal,True,0.387,0.022,191,272,0.7022058823529411,1
212,contig_1,764559,G,A,0.032,0.42,277,200,subclonal,True,0.42,0.032,200,277,0.7220216606498195,1
212,contig_1,764570,A,T,0.035,0.441,255,179,subclonal,True,0.441,0.035,179,255,0.7019607843137254,1
212,contig_1,764580,G,A,0.047,0.459,255,194,subclonal,True,0.459,0.047,194,255,0.7607843137254902,1
212,contig_1,764588,C,G,0.011,0.28,178,118,subclonal,True,0.28,0.011,118,178,0.6629213483146067,1
212,contig_1,764589,T,G,0.018,0.307,168,114,subclonal,True,0.307,0.018,114,168,0.6785714285714286,1
212,contig_1,764593,T,A,0.034,0.314,235,137,subclonal,True,0.314,0.034,137,235,0.5829787234042553,1
212,contig_1,764601,T,A,0.04,0.353,202,133,subclonal,True,0.353,0.04,133,202,0.6584158415841584,1
212,contig_1,764603,A,G,0.043,0.445,186,137,subclonal,True,0.445,0.043,137,186,0.7365591397849462,1
212,contig_1,764607,C,G,0.036,0.426,220,129,subclonal,True,0.426,0.036,129,220,0.5863636363636363,1
212,contig_1,764610,A,G,0.034,0.429,232,163,subclonal,True,0.429,0.034,163,232,0.7025862068965517,1
212,contig_1,764620,G,C,0.013,0.35,231,143,subclonal,True,0.35,0.013,143,231,0.6190476190476191,1
212,contig_1,764622,A,G,0.016,0.296,243,135,subclonal,True,0.296,0.016,135,243,0.5555555555555556,1
212,contig_1,764624,A,T,0.016,0.287,254,157,subclonal,True,0.287,0.016,157,254,0.6181102362204725,1
212,contig_1,764625,T,G,0.015,0.286,260,154,subclonal,True,0.286,0.015,154,260,0.5923076923076923,1
212,contig_1,764626,T,C,0.011,0.319,262,166,subclonal,True,0.319,0.011,166,262,0.6335877862595419,1
212,contig_1,764635,C,T,0.031,0.385,294,187,subclonal,True,0.385,0.031,187,294,0.6360544217687075,1
212,contig_1,764637,G,C,0.044,0.388,248,165,subclonal,True,0.388,0.044,165,248,0.6653225806451613,1
212,contig_1,764640,G,C,0.037,0.472,190,144,subclonal,True,0.472,0.037,144,190,0.7578947368421053,1
212,contig_1,764644,A,C,0.035,0.457,230,173,subclonal,True,0.457,0.035,173,230,0.7521739130434782,1
212,contig_1,764649,A,G,0.034,0.411,236,168,subclonal,True,0.411,0.034,168,236,0.711864406779661,1
212,contig_1,764653,C,A,0.045,0.422,223,161,subclonal,True,0.422,0.045,161,223,0.7219730941704036,1
212,contig_1,764655,A,G,0.042,0.444,214,169,subclonal,True,0.444,0.042,169,214,0.7897196261682243,1
212,contig_1,764658,A,G,0.041,0.44,244,182,subclonal,True,0.44,0.041,182,244,0.7459016393442623,1
212,contig_1,764661,C,T,0.041,0.427,246,164,subclonal,True,0.427,0.041,164,246,0.6666666666666666,1
212,contig_1,764679,T,C,0.018,0.357,220,154,subclonal,True,0.357,0.018,154,220,0.7,1
212,contig_1,764682,T,C,0.014,0.285,214,130,subclonal,True,0.285,0.014,130,214,0.6074766355140186,1
212,contig_1,764691,A,G,0.024,0.337,248,169,subclonal,True,0.337,0.024,169,248,0.6814516129032258,1
212,contig_1,764700,C,T,0.045,0.407,222,150,subclonal,True,0.407,0.045,150,222,0.6756756756756757,1
212,contig_1,764701,T,C,0.043,0.407,256,172,subclonal,True,0.407,0.043,172,256,0.671875,1
212,contig_1,764709,G,C,0.037,0.441,215,145,subclonal,True,0.441,0.037,145,215,0.6744186046511628,1
212,contig_1,764718,T,C,0.046,0.409,194,149,subclonal,True,0.409,0.046,149,194,0.7680412371134021,1
212,contig_1,764721,A,G,0.048,0.339,210,127,subclonal,True,0.339,0.048,127,210,0.6047619047619047,1
212,contig_1,764725,G,T,0.028,0.335,253,155,subclonal,True,0.335,0.028,155,253,0.6126482213438735,1
212,contig_1,764733,T,G,0.03,0.337,265,169,subclonal,True,0.337,0.03,169,265,0.6377358490566037,1
212,contig_1,764735,C,A,0.024,0.325,250,151,subclonal,True,0.325,0.024,151,250,0.604,1
212,contig_1,764736,T,G,0.023,0.335,259,167,subclonal,True,0.335,0.023,167,259,0.6447876447876448,1
212,contig_1,764743,A,C,0.036,0.406,253,170,subclonal,True,0.406,0.036,170,253,0.6719367588932806,1
212,contig_1,764744,C,A,0.028,0.385,248,156,subclonal,True,0.385,0.028,156,248,0.6290322580645161,1
212,contig_1,764752,T,C,0.036,0.316,281,171,subclonal,True,0.316,0.036,171,281,0.608540925266904,1
212,contig_1,764757,T,C,0.034,0.386,176,132,subclonal,True,0.386,0.034,132,176,0.75,1
212,contig_1,764766,G,A,0.034,0.313,174,99,subclonal,True,0.313,0.034,99,174,0.5689655172413793,1
212,contig_1,764775,G,C,0.044,0.442,226,172,subclonal,True,0.442,0.044,172,226,0.7610619469026548,1
212,contig_1,764783,T,A,0.03,0.299,197,117,subclonal,True,0.299,0.03,117,197,0.5939086294416244,1
212,contig_1,764784,T,A,0.026,0.273,228,121,subclonal,True,0.273,0.026,121,228,0.5307017543859649,1
212,contig_1,764792,C,T,0.032,0.367,185,109,subclonal,True,0.367,0.032,109,185,0.5891891891891892,1
212,contig_1,764798,A,G,0.02,0.301,245,123,subclonal,True,0.301,0.02,123,245,0.5020408163265306,1
212,contig_1,764801,T,C,0.033,0.355,180,107,subclonal,True,0.355,0.033,107,180,0.5944444444444444,1
212,contig_1,764802,A,G,0.034,0.333,174,108,subclonal,True,0.333,0.034,108,174,0.6206896551724138,1
212,contig_1,764805,T,G,0.022,0.379,179,116,subclonal,True,0.379,0.022,116,179,0.6480446927374302,1
212,contig_1,764809,C,T,0.023,0.277,216,130,subclonal,True,0.277,0.023,130,216,0.6018518518518519,1
212,contig_1,764814,G,C,0.026,0.267,195,101,subclonal,True,0.267,0.026,101,195,0.517948717948718,1
212,contig_1,764823,C,T,0.025,0.277,241,148,subclonal,True,0.277,0.025,148,241,0.6141078838174274,1
212,contig_1,764832,G,A,0.031,0.321,192,112,subclonal,True,0.321,0.031,112,192,0.5833333333333334,1
212,contig_1,764838,T,C,0.027,0.313,257,147,subclonal,True,0.313,0.027,147,257,0.5719844357976653,1
212,contig_1,764839,C,G,0.026,0.295,273,149,subclonal,True,0.295,0.026,149,273,0.5457875457875457,1
212,contig_1,886686,C,G,0.004,0.318,277,173,subclonal,True,0.318,0.004,173,277,0.6245487364620939,1
212,contig_1,886687,G,A,0.004,0.306,277,173,subclonal,True,0.306,0.004,173,277,0.6245487364620939,1
212,contig_1,886693,T,C,0.0,0.307,248,140,subclonal,True,0.307,0.0,140,248,0.5645161290322581,1
212,contig_1,886702,A,G,0.004,0.358,261,162,subclonal,True,0.358,0.004,162,261,0.6206896551724138,1
212,contig_1,886705,T,C,0.011,0.408,181,103,subclonal,True,0.408,0.011,103,181,0.569060773480663,1
212,contig_1,886707,A,G,0.009,0.486,110,72,subclonal,True,0.486,0.009,72,110,0.6545454545454545,1
212,contig_1,886716,A,G,0.004,0.303,228,142,subclonal,True,0.303,0.004,142,228,0.6228070175438597,1
212,contig_1,886720,C,A,0.004,0.266,244,143,subclonal,True,0.266,0.004,143,244,0.5860655737704918,1
212,contig_1,886725,C,T,0.0,0.289,223,149,subclonal,True,0.289,0.0,149,223,0.6681614349775785,1
212,contig_1,886726,G,A,0.0,0.308,169,120,subclonal,True,0.308,0.0,120,169,0.7100591715976331,1
212,contig_1,886727,C,G,0.0,0.339,170,124,subclonal,True,0.339,0.0,124,170,0.7294117647058823,1
212,contig_1,886731,A,T,0.0,0.252,210,127,subclonal,True,0.252,0.0,127,210,0.6047619047619047,1
212,contig_1,886741,T,A,0.005,0.348,210,132,subclonal,True,0.348,0.005,132,210,0.6285714285714286,1
212,contig_1,886742,T,A,0.004,0.315,225,130,subclonal,True,0.315,0.004,130,225,0.5777777777777777,1
212,contig_1,886750,G,C,0.008,0.444,261,187,subclonal,True,0.444,0.008,187,261,0.7164750957854407,1
212,contig_1,886759,T,C,0.008,0.569,133,102,subclonal,True,0.569,0.008,102,133,0.7669172932330827,1
212,contig_1,886768,G,A,0.006,0.5,159,136,subclonal,True,0.5,0.006,136,159,0.8553459119496856,1
212,contig_1,886773,G,A,0.009,0.553,211,159,subclonal,True,0.553,0.009,159,211,0.7535545023696683,1
212,contig_1,886781,T,G,0.01,0.527,192,167,subclonal,True,0.527,0.01,167,192,0.8697916666666666,1
212,contig_1,886782,G,T,0.008,0.508,247,181,subclonal,True,0.508,0.008,181,247,0.7327935222672065,1
212,contig_1,886790,T,A,0.011,0.563,183,167,subclonal,True,0.563,0.011,167,183,0.912568306010929,1
212,contig_1,886791,C,G,0.014,0.601,141,138,subclonal,True,0.601,0.014,138,141,0.9787234042553191,1
212,contig_1,886793,C,A,0.009,0.5,226,182,subclonal,True,0.5,0.009,182,226,0.8053097345132744,1
212,contig_1,886802,A,G,0.013,0.493,154,140,subclonal,True,0.493,0.013,140,154,0.9090909090909091,1
212,contig_1,886804,C,T,0.013,0.477,150,128,subclonal,True,0.477,0.013,128,150,0.8533333333333334,1
212,contig_1,886807,G,A,0.004,0.446,252,166,subclonal,True,0.446,0.004,166,252,0.6587301587301587,1
212,contig_1,886816,G,C,0.005,0.439,213,164,subclonal,True,0.439,0.005,164,213,0.7699530516431925,1
212,contig_1,886824,G,A,0.008,0.494,245,180,subclonal,True,0.494,0.008,180,245,0.7346938775510204,1
212,contig_1,886825,A,G,0.009,0.449,234,156,subclonal,True,0.449,0.009,156,234,0.6666666666666666,1
212,contig_1,886834,C,T,0.006,0.579,179,171,subclonal,True,0.579,0.006,171,179,0.9553072625698324,1
212,contig_1,886843,G,A,0.016,0.603,122,136,subclonal,True,0.603,0.016,136,122,1.1147540983606556,1
212,contig_1,886849,C,A,0.005,0.339,193,127,subclonal,True,0.339,0.005,127,193,0.6580310880829016,1
212,contig_1,886864,A,G,0.008,0.497,236,171,subclonal,True,0.497,0.008,171,236,0.7245762711864406,1
212,contig_1,886867,C,T,0.004,0.462,270,195,subclonal,True,0.462,0.004,195,270,0.7222222222222222,1
212,contig_1,886870,C,T,0.008,0.476,247,168,subclonal,True,0.476,0.008,168,247,0.680161943319838,1
212,contig_1,886872,T,G,0.004,0.472,257,161,subclonal,True,0.472,0.004,161,257,0.6264591439688716,1
212,contig_1,886876,C,T,0.004,0.484,233,161,subclonal,True,0.484,0.004,161,233,0.6909871244635193,1
212,contig_1,886882,G,A,0.008,0.385,240,169,subclonal,True,0.385,0.008,169,240,0.7041666666666667,1
212,contig_1,886885,G,C,0.009,0.403,219,154,subclonal,True,0.403,0.009,154,219,0.7031963470319634,1
212,contig_1,886888,G,C,0.01,0.509,200,167,subclonal,True,0.509,0.01,167,200,0.835,1
212,contig_1,886890,A,G,0.01,0.529,205,191,subclonal,True,0.529,0.01,191,205,0.9317073170731708,1
212,contig_1,886918,C,T,0.008,0.429,257,170,subclonal,True,0.429,0.008,170,257,0.6614785992217899,1
212,contig_1,886921,C,G,0.01,0.454,202,141,subclonal,True,0.454,0.01,141,202,0.698019801980198,1
212,contig_1,886930,T,A,0.019,0.552,161,145,subclonal,True,0.552,0.019,145,161,0.9006211180124224,1
212,contig_1,886933,C,A,0.009,0.566,106,122,subclonal,True,0.566,0.009,122,106,1.150943396226415,1
212,contig_1,886934,C,G,0.006,0.533,169,135,subclonal,True,0.533,0.006,135,169,0.7988165680473372,1
212,contig_1,886945,T,C,0.0,0.444,282,205,subclonal,True,0.444,0.0,205,282,0.7269503546099291,1
212,contig_1,886956,G,A,0.007,0.449,267,198,subclonal,True,0.449,0.007,198,267,0.7415730337078652,1
212,contig_1,886966,T,C,0.007,0.5,267,204,subclonal,True,0.5,0.007,204,267,0.7640449438202247,1
212,contig_1,886969,G,C,0.005,0.53,220,198,subclonal,True,0.53,0.005,198,220,0.9,1
212,contig_1,886972,T,A,0.01,0.509,205,171,subclonal,True,0.509,0.01,171,205,0.8341463414634146,1
212,contig_1,886975,G,C,0.008,0.45,245,180,subclonal,True,0.45,0.008,180,245,0.7346938775510204,1
212,contig_1,886976,C,T,0.008,0.435,236,170,subclonal,True,0.435,0.008,170,236,0.7203389830508474,1
212,contig_1,886978,C,T,0.009,0.45,211,151,subclonal,True,0.45,0.009,151,211,0.7156398104265402,1
212,contig_1,886986,A,G,0.011,0.566,179,145,subclonal,True,0.566,0.011,145,179,0.8100558659217877,1
212,contig_1,886991,T,G,0.005,0.491,203,163,subclonal,True,0.491,0.005,163,203,0.8029556650246306,1
212,contig_1,887002,C,T,0.005,0.458,201,153,subclonal,True,0.458,0.005,153,201,0.7611940298507462,1
212,contig_1,887003,T,G,0.005,0.439,208,155,subclonal,True,0.439,0.005,155,208,0.7451923076923077,1
212,contig_1,887004,C,T,0.005,0.463,222,164,subclonal,True,0.463,0.005,164,222,0.7387387387387387,1
212,contig_1,887010,G,T,0.008,0.432,254,176,subclonal,True,0.432,0.008,176,254,0.6929133858267716,1
212,contig_1,887020,A,G,0.01,0.424,193,118,subclonal,True,0.424,0.01,118,193,0.6113989637305699,1
212,contig_1,887023,A,G,0.011,0.53,180,134,subclonal,True,0.53,0.011,134,180,0.7444444444444445,1
212,contig_1,887026,G,A,0.005,0.433,220,141,subclonal,True,0.433,0.005,141,220,0.6409090909090909,1
212,contig_1,887035,G,C,0.008,0.487,243,187,subclonal,True,0.487,0.008,187,243,0.7695473251028807,1
212,contig_1,887038,G,T,0.004,0.434,239,166,subclonal,True,0.434,0.004,166,239,0.694560669456067,1
212,contig_1,887040,T,C,0.005,0.481,222,160,subclonal,True,0.481,0.005,160,222,0.7207207207207207,1
212,contig_1,887045,C,T,0.007,0.469,274,207,subclonal,True,0.469,0.007,207,274,0.7554744525547445,1
212,contig_1,887047,A,T,0.008,0.507,258,211,subclonal,True,0.507,0.008,211,258,0.8178294573643411,1
212,contig_1,887051,A,G,0.005,0.545,196,187,subclonal,True,0.545,0.005,187,196,0.9540816326530612,1
212,contig_1,887065,C,G,0.004,0.428,270,180,subclonal,True,0.428,0.004,180,270,0.6666666666666666,1
212,contig_1,887080,T,G,0.014,0.578,146,128,subclonal,True,0.578,0.014,128,146,0.8767123287671232,1
212,contig_1,887083,G,C,0.006,0.48,168,127,subclonal,True,0.48,0.006,127,168,0.7559523809523809,1
212,contig_1,887088,C,T,0.0,0.547,209,179,subclonal,True,0.547,0.0,179,209,0.8564593301435407,1
212,contig_1,887089,G,A,0.0,0.548,202,168,subclonal,True,0.548,0.0,168,202,0.8316831683168316,1
212,contig_1,887101,C,G,0.006,0.588,161,153,subclonal,True,0.588,0.006,153,161,0.9503105590062112,1
212,contig_1,887104,T,G,0.008,0.603,132,131,subclonal,True,0.603,0.008,131,132,0.9924242424242424,1
212,contig_1,887107,C,G,0.004,0.423,243,168,subclonal,True,0.423,0.004,168,243,0.691358024691358,1
212,contig_1,887110,C,G,0.004,0.418,285,189,subclonal,True,0.418,0.004,189,285,0.6631578947368421,1
212,contig_1,887117,A,T,0.005,0.593,190,145,subclonal,True,0.593,0.005,145,190,0.7631578947368421,1
212,contig_1,887122,G,T,0.014,0.623,148,130,subclonal,True,0.623,0.014,130,148,0.8783783783783784,1
212,contig_1,887125,A,C,0.018,0.571,112,98,subclonal,True,0.571,0.018,98,112,0.875,1
212,contig_1,887141,A,G,0.008,0.482,258,191,subclonal,True,0.482,0.008,191,258,0.7403100775193798,1
212,contig_1,887144,G,T,0.007,0.521,269,215,subclonal,True,0.521,0.007,215,269,0.7992565055762082,1
212,contig_1,887151,G,A,0.008,0.498,262,207,subclonal,True,0.498,0.008,207,262,0.7900763358778626,1
212,contig_1,887152,A,G,0.007,0.507,272,213,subclonal,True,0.507,0.007,213,272,0.7830882352941176,1
212,contig_1,887155,G,C,0.007,0.488,282,203,subclonal,True,0.488,0.007,203,282,0.7198581560283688,1
212,contig_1,887164,G,A,0.01,0.516,196,182,subclonal,True,0.516,0.01,182,196,0.9285714285714286,1
212,contig_1,887175,C,A,0.007,0.484,289,186,subclonal,True,0.484,0.007,186,289,0.643598615916955,1
212,contig_1,887176,A,G,0.011,0.485,275,169,subclonal,True,0.485,0.011,169,275,0.6145454545454545,1
212,contig_1,887179,G,A,0.004,0.294,265,136,subclonal,True,0.294,0.004,136,265,0.5132075471698113,1
212,contig_1,887182,G,C,0.004,0.377,230,130,subclonal,True,0.377,0.004,130,230,0.5652173913043478,1
212,contig_1,887185,T,G,0.007,0.459,269,185,subclonal,True,0.459,0.007,185,269,0.6877323420074349,1
212,contig_1,887193,G,A,0.024,0.725,85,102,subclonal,True,0.725,0.024,102,85,1.2,1
212,contig_1,887194,A,G,0.021,0.602,97,98,subclonal,True,0.602,0.021,98,97,1.0103092783505154,1
212,contig_1,887212,T,C,0.006,0.47,154,149,subclonal,True,0.47,0.006,149,154,0.9675324675324676,1
212,contig_1,887218,G,A,0.0,0.513,190,150,subclonal,True,0.513,0.0,150,190,0.7894736842105263,1
212,contig_1,887221,C,T,0.005,0.525,190,162,subclonal,True,0.525,0.005,162,190,0.8526315789473684,1
212,contig_1,887226,G,C,0.004,0.484,235,182,subclonal,True,0.484,0.004,182,235,0.774468085106383,1
212,contig_1,887227,C,G,0.005,0.479,208,167,subclonal,True,0.479,0.005,167,208,0.8028846153846154,1
212,contig_1,887231,T,G,0.009,0.506,213,160,subclonal,True,0.506,0.009,160,213,0.7511737089201878,1
212,contig_1,887232,G,A,0.009,0.467,234,180,subclonal,True,0.467,0.009,180,234,0.7692307692307693,1
212,contig_1,887233,T,C,0.01,0.471,206,153,subclonal,True,0.471,0.01,153,206,0.7427184466019418,1
212,contig_1,887242,G,A,0.012,0.554,168,148,subclonal,True,0.554,0.012,148,168,0.8809523809523809,1
212,contig_1,887248,C,G,0.009,0.455,219,143,subclonal,True,0.455,0.009,143,219,0.6529680365296804,1
212,contig_1,887252,C,T,0.016,0.529,193,138,subclonal,True,0.529,0.016,138,193,0.7150259067357513,1
212,contig_1,887254,A,T,0.007,0.593,146,123,subclonal,True,0.593,0.007,123,146,0.8424657534246576,1
212,contig_1,887255,G,T,0.007,0.469,146,113,subclonal,True,0.469,0.007,113,146,0.773972602739726,1
212,contig_1,887257,G,C,0.007,0.5,146,134,subclonal,True,0.5,0.007,134,146,0.9178082191780822,1
212,contig_1,887260,G,C,0.006,0.577,168,130,subclonal,True,0.577,0.006,130,168,0.7738095238095238,1
212,contig_1,887269,C,T,0.006,0.481,174,131,subclonal,True,0.481,0.006,131,174,0.7528735632183908,1
212,contig_1,887278,C,G,0.006,0.429,169,119,subclonal,True,0.429,0.006,119,169,0.7041420118343196,1
212,contig_1,887286,T,C,0.009,0.523,232,197,subclonal,True,0.523,0.009,197,232,0.8491379310344828,1
212,contig_1,887287,C,G,0.009,0.508,216,179,subclonal,True,0.508,0.009,179,216,0.8287037037037037,1
212,contig_1,887300,T,C,0.004,0.31,243,142,subclonal,True,0.31,0.004,142,243,0.5843621399176955,1
212,contig_1,887302,G,C,0.0,0.316,259,152,subclonal,True,0.316,0.0,152,259,0.5868725868725869,1
212,contig_1,887303,G,C,0.0,0.234,265,201,subclonal,True,0.234,0.0,201,265,0.7584905660377359,1
212,contig_1,887307,A,G,0.005,0.354,187,113,subclonal,True,0.354,0.005,113,187,0.6042780748663101,1
212,contig_1,887309,C,G,0.0,0.521,139,121,subclonal,True,0.521,0.0,121,139,0.8705035971223022,1
212,contig_1,887315,G,T,0.005,0.457,200,138,subclonal,True,0.457,0.005,138,200,0.69,1
212,contig_1,887322,C,T,0.004,0.388,258,165,subclonal,True,0.388,0.004,165,258,0.6395348837209303,1
212,contig_1,887330,G,A,0.003,0.39,301,200,subclonal,True,0.39,0.003,200,301,0.6644518272425249,1
212,contig_1,887344,A,G,0.01,0.494,208,156,subclonal,True,0.494,0.01,156,208,0.75,1
212,contig_1,887347,A,G,0.004,0.419,267,167,subclonal,True,0.419,0.004,167,267,0.6254681647940075,1
212,contig_1,887348,A,C,0.005,0.435,218,147,subclonal,True,0.435,0.005,147,218,0.6743119266055045,1
212,contig_1,887349,T,A,0.005,0.399,218,143,subclonal,True,0.399,0.005,143,218,0.6559633027522935,1
212,contig_1,887359,C,T,0.009,0.558,220,190,subclonal,True,0.558,0.009,190,220,0.8636363636363636,1
212,contig_1,887360,C,A,0.005,0.559,197,188,subclonal,True,0.559,0.005,188,197,0.9543147208121827,1
212,contig_1,887364,G,A,0.007,0.495,292,220,subclonal,True,0.495,0.007,220,292,0.7534246575342466,1
212,contig_1,1293176,A,G,0.036,0.25,56,28,subclonal,False,0.25,0.036,28,56,0.5,1
216,contig_3,18742,T,C,0.286,0.0,14,19,subclonal,False,0.286,0.0,14,19,0.7368421052631579,0
216,contig_3,109137,A,G,0.238,0.032,21,31,subclonal,False,0.238,0.032,21,31,0.6774193548387096,1
216,contig_3,175199,A,G,0.294,0.0,17,33,subclonal,False,0.294,0.0,17,33,0.5151515151515151,0
216,contig_3,297202,T,C,0.286,0.048,21,21,subclonal,False,0.286,0.048,21,21,1.0,1
216,contig_3,464941,A,G,0.333,0.0,12,16,subclonal,False,0.333,0.0,12,16,0.75,0
216,contig_3,895785,A,G,0.286,0.026,35,39,subclonal,False,0.286,0.026,35,39,0.8974358974358975,1
216,contig_3,1061207,T,C,0.4,0.0,15,23,subclonal,False,0.4,0.0,15,23,0.6521739130434783,0
216,contig_3,1109500,G,A,1.0,0.0,140,154,fixed,False,1.0,0.0,140,154,0.9090909090909091,1
216,contig_3,1372965,T,C,0.254,0.048,67,83,subclonal,False,0.254,0.048,67,83,0.8072289156626506,1
216,contig_3,1541578,A,G,0.261,0.0,23,37,subclonal,False,0.261,0.0,23,37,0.6216216216216216,1
216,contig_3,1636277,A,G,0.375,0.0,16,13,subclonal,False,0.375,0.0,16,13,1.2307692307692308,0
216,contig_3,1636512,G,T,0.042,0.346,24,26,subclonal,False,0.346,0.042,26,24,1.0833333333333333,1
216,contig_3,1652249,T,C,0.417,0.0,12,17,subclonal,False,0.417,0.0,12,17,0.7058823529411765,0
216,contig_3,1668751,G,T,0.265,0.049,34,41,subclonal,False,0.265,0.049,34,41,0.8292682926829268,1
216,contig_3,1824374,A,G,0.462,0.037,13,27,subclonal,False,0.462,0.037,13,27,0.48148148148148145,0
216,contig_3,2045662,A,G,0.0,0.312,15,16,subclonal,False,0.312,0.0,16,15,1.0666666666666667,0
216,contig_3,2214223,C,T,0.492,0.0,124,178,subclonal,False,0.492,0.0,124,178,0.6966292134831461,1
216,contig_3,2465118,A,G,0.286,0.04,21,25,subclonal,False,0.286,0.04,21,25,0.84,1
216,contig_3,2608948,T,C,0.267,0.031,30,32,subclonal,False,0.267,0.031,30,32,0.9375,1
216,contig_3,2720833,G,T,0.263,0.0,19,14,subclonal,False,0.263,0.0,19,14,1.3571428571428572,0
216,contig_3,2881369,A,G,0.294,0.048,34,42,subclonal,False,0.294,0.048,34,42,0.8095238095238095,1
216,contig_3,2977894,A,G,0.261,0.029,23,35,subclonal,False,0.261,0.029,23,35,0.6571428571428571,1
216,contig_3,3150545,G,T,0.0,0.375,13,16,subclonal,False,0.375,0.0,16,13,1.2307692307692308,0
216,contig_3,3582270,T,C,0.25,0.044,28,45,subclonal,False,0.25,0.044,28,45,0.6222222222222222,1
216,contig_3,3736531,A,G,0.045,0.321,22,28,subclonal,False,0.321,0.045,28,22,1.2727272727272727,1
216,contig_3,3929532,A,G,0.312,0.048,16,21,subclonal,False,0.312,0.048,16,21,0.7619047619047619,0
216,contig_3,4129927,G,T,0.267,0.041,30,49,subclonal,False,0.267,0.041,30,49,0.6122448979591837,1
216,contig_3,4290557,C,T,0.0,0.242,129,149,subclonal,False,0.242,0.0,149,129,1.1550387596899225,1
216,contig_3,4623374,A,G,0.308,0.048,13,21,subclonal,False,0.308,0.048,13,21,0.6190476190476191,0
216,contig_3,4623375,G,T,0.267,0.0,15,18,subclonal,False,0.267,0.0,15,18,0.8333333333333334,0
216,contig_3,4841993,T,C,0.0,0.25,14,20,subclonal,False,0.25,0.0,20,14,1.4285714285714286,1
216,contig_3,4856375,C,A,0.276,0.029,29,35,subclonal,False,0.276,0.029,29,35,0.8285714285714286,1
216,contig_3,5406262,T,C,0.5,0.0,10,11,subclonal,False,0.5,0.0,10,11,0.9090909090909091,0
216,contig_3,5435555,A,C,1.0,0.005,83,189,fixed,False,1.0,0.005,83,189,0.43915343915343913,0
216,contig_3,5843776,C,A,0.244,0.033,45,61,subclonal,False,0.244,0.033,45,61,0.7377049180327869,1
216,contig_3,5843777,T,C,0.295,0.035,44,57,subclonal,False,0.295,0.035,44,57,0.7719298245614035,1
216,contig_3,5953179,A,G,0.24,0.03,25,33,subclonal,False,0.24,0.03,25,33,0.7575757575757576,1
216,contig_3,6047006,G,T,0.0,0.25,10,24,subclonal,False,0.25,0.0,24,10,2.4,1
216,contig_3,6316412,T,C,0.267,0.023,30,44,subclonal,False,0.267,0.023,30,44,0.6818181818181818,1
216,contig_3,6319687,G,C,0.286,0.031,28,32,subclonal,False,0.286,0.031,28,32,0.875,1
216,contig_3,6477150,T,C,0.308,0.0,13,11,subclonal,False,0.308,0.0,13,11,1.1818181818181819,0
216,contig_3,6530712,C,G,0.0,0.304,20,23,subclonal,False,0.304,0.0,23,20,1.15,1
216,contig_3,6677044,A,G,0.278,0.0,18,11,subclonal,False,0.278,0.0,18,11,1.6363636363636365,0
226,contig_1,78733,A,C,0.016,1.0,310,525,fixed,False,1.0,0.016,525,310,1.6935483870967742,1
226,contig_1,1695301,T,C,0.0,0.888,373,375,subclonal,False,0.888,0.0,375,373,1.0053619302949062,1
226,contig_1,4944805,C,G,0.25,0.037,20,27,subclonal,False,0.25,0.037,20,27,0.7407407407407407,1
236,contig_2,1208003,A,G,0.276,0.04,29,25,subclonal,False,0.276,0.04,29,25,1.16,1
236,contig_2,2157349,T,C,0.024,0.357,42,14,subclonal,False,0.357,0.024,14,42,0.3333333333333333,0
236,contig_2,3405729,A,G,0.0,0.364,18,11,subclonal,False,0.364,0.0,11,18,0.6111111111111112,0
240,contig_1,2388140,T,A,0.401,0.0,317,386,subclonal,False,0.401,0.0,317,386,0.8212435233160622,1
240,contig_1,3652475,C,T,0.457,0.0,339,460,subclonal,False,0.457,0.0,339,460,0.7369565217391304,1
240,contig_1,3995216,A,G,0.02,0.993,343,292,fixed,False,0.993,0.02,292,343,0.8513119533527697,1
246,contig_1,3004194,C,A,0.604,0.0,222,166,subclonal,False,0.604,0.0,222,166,1.3373493975903614,1
246,contig_1,5789063,C,A,0.601,0.0,223,206,subclonal,False,0.601,0.0,223,206,1.0825242718446602,1
254,contig_1,2077033,A,G,0.0,1.0,334,359,fixed,False,1.0,0.0,359,334,1.0748502994011977,1
254,contig_1,2193144,A,G,0.0,0.402,314,261,subclonal,False,0.402,0.0,261,314,0.8312101910828026,1
254,contig_1,2247977,C,T,0.003,0.994,388,348,fixed,False,0.994,0.003,348,388,0.8969072164948454,1
265,contig_1,714744,C,T,0.0,0.67,274,336,subclonal,False,0.67,0.0,336,274,1.2262773722627738,1
275,contig_2,142228,G,T,0.0,0.997,399,291,fixed,False,0.997,0.0,291,399,0.7293233082706767,1
279,contig_1,2965488,T,G,0.0,1.0,325,461,fixed,False,1.0,0.0,461,325,1.4184615384615384,1
298,contig_2,2933613,A,C,0.424,0.008,191,243,subclonal,True,0.424,0.008,191,243,0.7860082304526749,1
298,contig_2,2933619,G,T,0.482,0.01,166,206,subclonal,True,0.482,0.01,166,206,0.8058252427184466,1
298,contig_2,2933760,G,A,0.404,0.022,161,230,subclonal,True,0.404,0.022,161,230,0.7,1
298,contig_2,2933778,C,T,0.428,0.018,138,217,subclonal,True,0.428,0.018,138,217,0.6359447004608295,1
298,contig_2,2933790,T,C,0.427,0.021,171,191,subclonal,True,0.427,0.021,171,191,0.8952879581151832,1
298,contig_2,2933805,T,C,0.408,0.018,169,220,subclonal,True,0.408,0.018,169,220,0.7681818181818182,1
298,contig_2,2933808,T,C,0.57,0.039,128,155,subclonal,True,0.57,0.039,128,155,0.8258064516129032,1
